community_name,region_name,town_name,detail_address,subway_name,subway_station,subway_distance,completion_date_year,location_with_center
苹果社区(南区),朝阳,双井,百子湾路32号,14号线(东),九龙山,689,1999年,三四环之间
后现代城(A区),朝阳,百子湾,百子湾路,7号线,大郊亭,773,2003年,三四环之间
百环家园,朝阳,双井,广渠路66号,10号线,双井,430,2005年,三四环之间
太阳公元(北区),朝阳,太阳宫,太阳宫一街1号,10号线,芍药居,625,2010年,三四环之间
棕榈泉国际公寓,朝阳,朝阳公园,公园南路8号,14号线(东),朝阳公园,210,2004年,三四环之间
鸿博家园(一期C区),朝阳,小红门,鸿博西路,亦庄线,小红门,1346,2007年,四五环之间
富力又一城(A区),朝阳,豆各庄,大鲁店北路,7号线,焦化厂,2580,2004年,五六环之间
首城国际,朝阳,双井,广渠路36号,10号线,双井,671,2010年,三四环之间
广渠金茂府(北区),朝阳,大望路,百子湾南二路66号,7号线,大郊亭,437,2011年,三四环之间
北京新天地(东区),朝阳,管庄,朝阳路5号,八通线,管庄,937,2004年,五六环之间
阳光上东,朝阳,酒仙桥,东四环北路6号,14号线(东),东风北桥,785,2004年,四五环之间
嘉铭桐城(A区),朝阳,亚运村小营,北苑路,15号线,关庄,171,2001年,四五环之间
望京西园三区,朝阳,望京,望京街,14号线(东),望京,391,2003年,四五环之间
芍药居北里小区,朝阳,芍药居,北四环东路,13号线,芍药居,1067,1999年,三四环之间
茉藜园,朝阳,北苑,春华路,5号线,立水桥南,850,2004年,五六环之间
天鹅湾(北区),朝阳,朝青板块,甘露园中街,6号线,青年路,488,2008年,四五环之间
融科橄榄城(一期),朝阳,望京,阜通西大街,15号线,望京东,521,2007年,四五环之间
国奥村(西区),朝阳,奥林匹克公园,林萃东路1号,8号线,森林公园南门,1146,2007年,四五环之间
远洋天地,朝阳,四惠,八里庄西里1号,八通线,四惠,553,2003年,四五环之间
华腾园,朝阳,劲松,东三环南路54号,10号线,劲松,469,1999年,三四环之间
UHN国际村,朝阳,太阳宫,曙光西路,10号线,太阳宫,566,2002年,三四环之间
百子湾家园(A区),朝阳,百子湾,百子湾路,八通线,四惠东,1146,2003年,四五环之间
季景沁园,朝阳,望京,湖光中街,15号线,望京西,377,2005年,四五环之间
公园大道,朝阳,朝阳公园,公园南路6号,14号线(东),朝阳公园,688,2004年,三四环之间
国兴观湖国际,朝阳,朝阳公园,东四环北路88号,14号线(东),朝阳公园,1349,2005年,四五环之间
公园1872,朝阳,十里堡,石佛营路,6号线,十里堡,259,2007年,四五环之间
华纺易城,朝阳,朝青板块,青年路29号,6号线,青年路,830,2005年,四五环之间
富力城(D区),朝阳,双井,广渠门外大街,7号线,广渠门外,509,2015年,二三环之间
凤凰城,朝阳,三元桥,曙光西里甲5号,机场线,三元桥,309,2002年,三四环之间
望春园,朝阳,北苑,锦芳北街,5号线,立水桥南,649,2008年,五六环之间
富力城(A区),朝阳,双井,广渠门外大街,10号线,双井,395,2000年,二三环之间
安慧北里逸园,朝阳,大屯,大屯路,5号线,大屯路东,381,1993年,四五环之间
亚运新新家园,朝阳,亚运村,辛店路1号,15号线,关庄,1181,2014年,四五环之间
美景东方,朝阳,潘家园,松榆南路38号,14号线(东),北工大西门,879,2003年,三四环之间
兴隆家园(南区),朝阳,高碑店,高碑店北路,八通线,高碑店,628,2004年,四五环之间
红玺台,朝阳,太阳宫,太阳宫二街3号,10号线,芍药居,324,2012年,三四环之间
华贸天地,朝阳,北苑,清河营南街7号,13号线,北苑,527,2014年,五六环之间
九龙花园,朝阳,双井,广渠路31号,14号线(东),九龙山,623,1998年,三四环之间
华贸公寓,朝阳,大望路,建国路89号,1号线,大望路,535,2005年,三四环之间
绣菊园(北区),朝阳,北苑,秋实街,13号线,北苑,880,2000年,五六环之间
国风上观,朝阳,望京,阜通东大街,14号线(东),望京南,932,2007年,四五环之间
金海国际,朝阳,百子湾,广渠路21号,7号线,大郊亭,408,2004年,四五环之间
珠江罗马嘉园(西区),朝阳,朝青板块,朝阳北路107号,6号线,青年路,532,2004年,四五环之间
金港国际,朝阳,大望路,西大望路19号,14号线(东),九龙山,439,2002年,三四环之间
金地国际花园,朝阳,国贸,建国路91号,14号线(东),大望路,285,2003年,三四环之间
紫薇天悦,朝阳,亚运村小营,小营北路23号,15号线,关庄,390,2008年,四五环之间
宝星国际,朝阳,望京,阜安西路,15号线,望京东,520,2006年,四五环之间
南新园小区,朝阳,潘家园,松榆南路,10号线,潘家园,823,1995年,三四环之间
悠乐汇,朝阳,望京,阜安东路,14号线(东),阜通,539,2004年,四五环之间
垡头翠成馨园(A区),朝阳,垡头,垡头路,7号线,欢乐谷景区,799,2003年,四五环之间
慧忠北里,朝阳,亚运村,安立路,15号线,安立路,361,1998年,四五环之间
合生国际花园(一期),朝阳,双井,广渠门外大街31号,10号线,双井,786,2000年,二三环之间
清友园,朝阳,北苑,春华路,13号线,北苑,707,2000年,五六环之间
农光里小区,朝阳,劲松,南磨房路,10号线,劲松,344,1985年,三四环之间
上元君庭,朝阳,媒体村,安立路28号,5号线,北苑路北,739,2004年,五六环之间
世茂奥临花园,朝阳,北苑,清林路一号,5号线,立水桥南,1285,2000年,五六环之间
松榆西里,朝阳,潘家园,松榆南路,10号线,潘家园,399,2015年,三四环之间
富力城(C区),朝阳,双井,广渠门外大街,10号线,双井,462,2005年,二三环之间
北京香颂,朝阳,望京,南湖西园南路,15号线,望京西,528,2007年,四五环之间
弘善家园,朝阳,潘家园,华威南路,14号线(东),十里河,791,2009年,二三环之间
鹿港嘉苑,朝阳,花家地,望京西路50号,10号线,太阳宫,1321,2003年,四五环之间
保利中央公园,朝阳,望京,宏泰东街,15号线,望京东,759,2012年,四五环之间
嘉美风尚中心,朝阳,望京,阜荣街,14号线(东),望京南,296,2006年,四五环之间
珠江绿洲家园,朝阳,定福庄,建国路18号,八通线,传媒大学,557,2003年,五六环之间
双合小区(建工双合家园B区),朝阳,垡头,双合中路8号,7号线,双合,461,2004年,四五环之间
华鼎世家,朝阳,望京,阜通西大街,14号线(东),阜通,485,2000年,四五环之间
首开铂郡,朝阳,三里屯,新东路12号,10号线,农业展览馆,983,2011年,二三环之间
远洋一方花语苑,朝阳,管庄,双桥东路3号,八通线,管庄,935,2013年,五六环之间
炫特区,朝阳,石佛营,石佛营东路,6号线,十里堡,859,2005年,四五环之间
通惠家园惠民园,朝阳,四惠,建国路,1号线,四惠东,371,2004年,四五环之间
卡夫卡公社,朝阳,常营,朝阳北路,6号线,黄渠,387,2010年,五六环之间
时代国际嘉园,朝阳,双井,东柏街10号,10号线,双井,287,2006年,三四环之间
中海城紫鑫阁,朝阳,十里河,成寿寺路134号,10号线,成寿寺,72,2008年,三四环之间
国典华园,朝阳,安贞,安定路12号,10号线,安贞门,418,2003年,三四环之间
慧谷阳光,朝阳,望京,阜安西路,15号线,望京东,555,2004年,四五环之间
幸福二村,朝阳,工体,春秀路,机场线,东直门,1036,1992年,二三环之间
管庄西里,朝阳,管庄,朝阳路,八通线,管庄,1069,1998年,五六环之间
南湖东园(一区),朝阳,望京,南湖北路,15号线,望京,626,2000年,四五环之间
柏林爱乐(一期),朝阳,常营,三间房东路,6号线,常营,846,2008年,五六环之间
周庄嘉园B区,朝阳,十里河,弘燕路,14号线(东),北工大西门,1261,2000年,三四环之间
银领国际,朝阳,望京,望京西路,15号线,望京西,565,2003年,四五环之间
乐成国际,朝阳,国贸,百子湾南二路76号,14号线(东),九龙山,613,2006年,三四环之间
南湖东园(二区),朝阳,望京,湖光北街,15号线,望京,366,2000年,四五环之间
风度柏林,朝阳,大望路,西大望路59号,7号线,九龙山,469,2003年,三四环之间
紫玉山庄,朝阳,亚运村,紫玉东路1号,5号线,大屯路东,932,2003年,四五环之间
东区国际公寓,朝阳,四惠,慈云寺1号,八通线,四惠,831,2000年,三四环之间
上京新航线,朝阳,望京,望京北路,14号线(东),东湖渠,206,2007年,四五环之间
融华世家,朝阳,亚运村小营,小营北路,15号线,大屯路东,377,2010年,四五环之间
南平里,朝阳,首都机场,机场南路,机场线,T3航,楼站1867,1996年,五六环之间
利泽西园,朝阳,望京,广顺北大街,14号线(东),东湖渠,340,2015年,四五环之间
半岛国际公寓,朝阳,太阳宫,太阳宫南街,10号线,太阳宫,330,2005年,三四环之间
三里屯SOHO公寓,朝阳,三里屯,工人体育场北路8号,10号线,团结湖,806,2015年,二三环之间
丽都水岸,朝阳,酒仙桥,芳园南里10号,14号线(东),将台,583,2005年,四五环之间
慧忠里小区,朝阳,亚运村,北辰东路,15号线,安立路,905,1996年,四五环之间
丽水嘉园,朝阳,朝阳公园,朝阳公园南路,14号线(东),朝阳公园,451,1997年,三四环之间
万科星园,朝阳,媒体村,安立路,5号线,北苑路北,521,2001年,五六环之间
安贞西里(一区),朝阳,安贞,安贞路,8号线,北土城,586,1985年,三四环之间
阳光100国际公寓,朝阳,CBD,光华路2号,14号线(东),大望路,474,2001年,三四环之间
日坛国际公寓,朝阳,朝外大街,日坛北路17号,6号线,东大桥,896,2008年,二三环之间
千鹤家园,朝阳,惠新西街,北四环东路108号,5号线,惠新西街北口,322,2002年,三四环之间
远洋万和公馆,朝阳,望京,阜通东大街,15号线,望京东,230,2016年,四五环之间
双龙南里小区,朝阳,潘家园,双龙路,14号线(东),北工大西门,633,1998年,三四环之间
天创世缘,朝阳,亚运村,大屯路甲21号,15号线,安立路,193,2001年,四五环之间
小关北里,朝阳,小关,安苑路,5号线,惠新西街南口,487,1992年,三四环之间
恋日绿岛小区,朝阳,十八里店,博大路25号,亦庄线,小红门,1638,2002年,四五环之间
力鸿花园,朝阳,左家庄,左家庄中街6号,13号线,柳芳,627,1997年,二三环之间
梵谷水郡,朝阳,酒仙桥,驼房营南路2号,14号线(东),东风北桥,1834,2001年,四五环之间
朝阳园,朝阳,甘露园,甘露园南里25号,6号线,青年路,577,2000年,四五环之间
西坝河东里,朝阳,西坝河,北三环东路,10号线,太阳宫,715,1990年,三四环之间
泛海国际碧海园,朝阳,朝阳公园,姚家园路97号,6号线,十里堡,1504,2015年,四五环之间
安贞西里社区(安贞西里二区),朝阳,安贞,北辰路,8号线,北土城,361,1985年,三四环之间
香江花园(别墅),朝阳,来广营,香江北路1号,15号线,马泉营,1381,1997年,五六环之间
保利嘉园3号院,朝阳,常营,常营中路3号,6号线,常营,804,2010年,五六环之间
火星园,朝阳,太阳宫,太阳宫中路,10号线,太阳宫,347,2010年,三四环之间
龙湖长楹天街(东区),朝阳,常营,朝阳北路,6号线,常营,351,2014年,五六环之间
瞰都,朝阳,酒仙桥,东四环北路10号,14号线(东),东风北桥,301,2015年,四五环之间
华龙美树,朝阳,管庄,建国路15号,八通线,双桥,395,2005年,五六环之间
大悦公寓,朝阳,朝青板块,朝阳北路99号,6号线,青年路,252,2010年,四五环之间
首创禧瑞都,朝阳,CBD,朝阳路139号,10号线,金台夕照,346,2015年,三四环之间
冠城大通澜石,朝阳,太阳宫,太阳宫南街25号,10号线,太阳宫,211,2013年,三四环之间
东恒时代(一期),朝阳,四惠,京通快速路,八通线,四惠,125,2002年,四五环之间
南沙滩小区,朝阳,南沙滩,大屯路,15号线,北沙滩,774,1981年,四五环之间
富力城(B区),朝阳,双井,天力街,10号线,双井,667,2005年,二三环之间
康营家园(A区),朝阳,孙河,康营东路,15号线,孙河,1212,2010年,五六环之间
金驹家园(F区),朝阳,东坝,东坝中街,15号线,孙河,1212,2012年,五六环之间
天溪园,朝阳,北苑,北苑路,5号线,北苑路北,564,2005年,五六环之间
金泽家园A区,朝阳,东坝,康各庄路,5号线,北苑路北,564,2012年,五六环之间
风林绿洲,朝阳,南沙滩,大屯路,15号线,奥林匹克公园,673,2015年,四五环之间
望京西园一区,朝阳,望京,阜安西路,15号线,望京,818,1993年,四五环之间
光大名筑,朝阳,亚运村小营,北苑路178号,5号线,惠新西街北口,611,2004年,四五环之间
天润福熙大道,朝阳,北苑,清河营东路1号,13号线,北苑,726,2016年,五六环之间
安华西里(一区),朝阳,安贞,"鼓楼外大街,近北三环中路",8号线,安华桥,302,1988年,二三环之间
金星园,朝阳,太阳宫,太阳宫南街,机场线,三元桥,754,1995年,三四环之间
润枫嘉尚,朝阳,十里堡,朝阳北路129号,6号线,十里堡,100,2009年,四五环之间
金泰先锋,朝阳,百子湾,石门村路,7号线,百子湾,377,2008年,四五环之间
潘家园东里,朝阳,潘家园,劲松南路,10号线,潘家园,690,1994年,二三环之间
华威北里,朝阳,潘家园,劲松南路,10号线,潘家园,396,1996年,二三环之间
华发颐园,朝阳,北苑,北苑路18号,5号线,立水桥南,239,2000年,五六环之间
丽都壹号,朝阳,酒仙桥,驼房营路,14号线(东),将台,1690,2011年,四五环之间
朝阳旺角,朝阳,双桥,双柳北街1号,八通线,双桥,1081,2004年,五六环之间
京润水上花园(别墅),朝阳,三元桥,霄云路18号,机场线,三元桥,1142,2001年,三四环之间
左家庄北里,朝阳,左家庄,左家庄西街,13号线,柳芳,913,1993年,二三环之间
东方瑞景,朝阳,建外大街,建国门外大街16号,1号线,永安里,641,2004年,二三环之间
城市出品,朝阳,安贞,胜古南里34号,5号线,和平西桥,511,2005年,三四环之间
金隅国际,朝阳,花家地,望京西路48号,15号线,望京西,1325,2004年,四五环之间
华远九都汇,朝阳,燕莎,麦子店西路9号,10号线,亮马桥,957,2010年,三四环之间
坝鑫家园,朝阳,东坝,东坝路,10号线,亮马桥,957,2013年,五六环之间
汇园公寓,朝阳,亚运村,北辰东路8号,8号线,奥体中心,1025,1997年,四五环之间
奥林匹克花园(一期),朝阳,东坝,东坝中路,8号线,奥体中心,1025,2003年,五六环之间
山水文园东园,朝阳,华威桥,弘燕路,14号线(东),北工大西门,1065,2018年,三四环之间
中海城香克林,朝阳,小红门,成寿寺路140号,亦庄线,肖村,559,2008年,三四环之间
红庙北里,朝阳,红庙,金台路,6号线,金台路,455,1989年,三四环之间
九台2000家园,朝阳,亚运村,安立路56号,15号线,安立路,462,2001年,四五环之间
长岛澜桥,朝阳,来广营,来广营东路9号,15号线,马泉营,1326,2005年,五六环之间
阳光新干线,朝阳,大屯,慧中北路,15号线,大屯路东,392,2003年,四五环之间
安慧里(一区),朝阳,亚运村,慧忠路,5号线,惠新西街北口,482,1990年,四五环之间
水郡长安1号院,朝阳,双桥,双桥路,八通线,双桥,661,2008年,五六环之间
苹果派,朝阳,常营,黄渠东路2号,6号线,黄渠,627,2007年,五六环之间
嘉润花园,朝阳,望京,广顺南大街19号,14号线(东),望京南,292,2001年,四五环之间
南湖中园小区,朝阳,望京,湖光北街,15号线,望京,780,1999年,四五环之间
都会华庭,朝阳,十里堡,十里堡甲3号,1号线,四惠,867,2001年,四五环之间
京棉新城,朝阳,十里堡,朝阳路,6号线,十里堡,453,2005年,四五环之间
东一时区,朝阳,双桥,八里桥南1号,八通线,管庄,1216,2003年,五六环之间
大成国际公寓,朝阳,国贸,百子湾路甲12号,7号线,百子湾,776,1999年,四五环之间
安慧里(二区),朝阳,亚运村,慧忠路,5号线,惠新西街北口,892,1996年,四五环之间
凯旋城,朝阳,亚运村小营,北苑路170号,15号线,大屯路东,575,2003年,四五环之间
新纪家园,朝阳,太阳宫,太阳宫中路,10号线,太阳宫,249,2002年,三四环之间
10AM新坐标,朝阳,潘家园,方庄东路,14号线(东),方庄,448,2005年,二三环之间
首开常青藤(B区),朝阳,东坝,东坝中街11号,14号线(东),方庄,448,2004年,五六环之间
乐成豪丽公寓,朝阳,双井,百子湾南二路72号,14号线(东),九龙山,290,2006年,三四环之间
大湖山庄,朝阳,来广营,和平路8号,15号线,孙河,1333,2003年,五六环之间
万象新天家园,朝阳,常营,常营北路10号,6号线,常营,627,2003年,五六环之间
青年汇佳园,朝阳,朝青板块,青年路,6号线,青年路,280,2015年,四五环之间
观唐,朝阳,来广营,观唐东路1号,15号线,马泉营,469,2004年,五六环之间
中国铁建国际城,朝阳,北苑,北苑东路,13号线,北苑,574,2011年,五六环之间
润泽悦溪,朝阳,北苑,水岸南街,13号线,北苑,1170,2010年,五六环之间
长安驿,朝阳,建外大街,建华南路6号,1号线,永安里,551,2005年,二三环之间
圣世一品,朝阳,东大桥,向军北里28号,10号线,呼家楼,352,2010年,二三环之间
甘露园南里二社区(甘露园南里二区),朝阳,甘露园,朝阳路,1号线,四惠东,774,1995年,四五环之间
圣馨大地家园,朝阳,望京,南湖南路9号,15号线,望京,729,2000年,四五环之间
银河湾,朝阳,酒仙桥,万西红街9号,14号线(东),望京南,598,2010年,四五环之间
世安家园,朝阳,望京,望京西路,15号线,望京西,783,1998年,四五环之间
博雅园,朝阳,朝阳公园,农展馆南路8号,14号线(东),朝阳公园,668,2000年,三四环之间
CLASS果岭里,朝阳,望京,广泽路6号,15号线,望京东,667,2003年,四五环之间
金泉家园,朝阳,亚运村,大屯路,5号线,大屯路东,425,2008年,四五环之间
华威西里,朝阳,潘家园,华威南路,10号线,潘家园,692,1993年,二三环之间
松榆东里,朝阳,潘家园,西大望路,14号线(东),北工大西门,303,1992年,三四环之间
京城雅居,朝阳,豆各庄,黄广路,7号线,焦化厂,2134,2001年,五六环之间
金泰丽富嘉园(28号院),朝阳,东坝,东坝中路28号,7号线,焦化厂,2134,2011年,五六环之间
慧谷金色家园(一期),朝阳,望京,望京西路,15号线,望京,769,2001年,四五环之间
宝星园,朝阳,望京,阜安西路,15号线,望京东,607,2009年,四五环之间
海润国际公寓,朝阳,酒仙桥,将台路乙2号,14号线(东),将台,834,2002年,四五环之间
中海城圣朝菲,朝阳,小红门,成寿寺路,亦庄线,肖村,616,2008年,三四环之间
花家地小区,朝阳,花家地,北四环东路,14号线(东),阜通,978,1993年,四五环之间
安慧北里秀园,朝阳,亚运村,慧忠北路,15号线,大屯路东,693,1999年,四五环之间
新荣家园,朝阳,亚运村,大屯北路,15号线,安立路,411,2000年,四五环之间
石韵浩庭,朝阳,双井,广渠路33号,14号线(东),九龙山,291,2004年,三四环之间
A派公寓,朝阳,双井,百子湾南二路78号,10号线,双井,602,2007年,三四环之间
天之骄子,朝阳,双井,东柏街9号,10号线,双井,389,2005年,三四环之间
逸盛阁,朝阳,三里屯,新东路10号,10号线,农业展览馆,1017,2010年,二三环之间
胜古家园,朝阳,安贞,北三环东路,5号线,和平西桥,378,1999年,三四环之间
浩运园,朝阳,亚运村,大屯路220号,15号线,大屯路东,290,2007年,四五环之间
首开知语城,朝阳,望京,望京西路,15号线,望京西,700,2007年,四五环之间
周庄嘉园C区,朝阳,十里河,西大望南路,14号线(东),北工大西门,1215,2000年,三四环之间
东恒时代(三期),朝阳,四惠,十里堡甲3号,1号线,四惠,656,2006年,四五环之间
燕莎后,朝阳,酒仙桥,酒仙桥路,14号线(东),东风北桥,1197,2004年,四五环之间
柳芳北里社区,朝阳,柳芳,柳芳北街,13号线,柳芳,445,1988年,二三环之间
SOHO北京公馆,朝阳,燕莎,新源南路5号,10号线,亮马桥,635,2008年,二三环之间
卧龙小区,朝阳,亚运村,慧忠北路,15号线,安立路,480,2015年,四五环之间
望京花园东区,朝阳,望京,利泽中二路,14号线(东),东湖渠,690,2002年,四五环之间
欧陆经典万兴苑,朝阳,亚运村小营,北苑路172号,15号线,大屯路东,832,1999年,四五环之间
安苑北里,朝阳,惠新西街,安定路,5号线,惠新西街北口,635,1986年,三四环之间
北纬40度(东区),朝阳,望京,广达路2号,14号线(东),来广营,405,2008年,五六环之间
方舟苑,朝阳,花家地,北四环东路甲9号,14号线(东),阜通,1495,1998年,四五环之间
安贞里(二区),朝阳,安贞,安定路,10号线,安贞门,562,1995年,三四环之间
大屯里小区,朝阳,大屯,北苑路,5号线,大屯路东,478,2003年,四五环之间
逸翠园(南区),朝阳,朝青板块,姚家园东里4号,6号线,青年路,2283,2000年,四五环之间
万科公园五号,朝阳,团结湖,甜水园街,14号线(东),金台路,234,2004年,三四环之间
平乐园小区,朝阳,潘家园,南磨房路,14号线(东),北工大西门,877,1996年,三四环之间
三源里街小区,朝阳,三元桥,新源街,10号线,亮马桥,785,1980年,二三环之间
莲葩园,朝阳,北苑,秋实西街,5号线,立水桥南,676,2003年,五六环之间
拂林园,朝阳,媒体村,北苑路,5号线,北苑路北,272,2000年,五六环之间
紫绶园,朝阳,北苑,秋实东街,13号线,北苑,558,1998年,五六环之间
胜古南里,朝阳,安贞,樱花园西街,5号线,和平西桥,375,1960年,三四环之间
柳芳南里社区,朝阳,柳芳,左家庄西街6号,13号线,柳芳,658,1988年,二三环之间
光熙门北里,朝阳,西坝河,北三环东路,13号线,光熙门,416,2010年,二三环之间
天月园,朝阳,媒体村,北苑路68号,5号线,北苑路北,466,2006年,五六环之间
炫彩嘉轩,朝阳,望京,阜安西路,15号线,望京东,746,2006年,四五环之间
泛海国际香海园,朝阳,朝阳公园,姚家园北路,6号线,十里堡,1564,2007年,四五环之间
晶都国际,朝阳,酒仙桥,酒仙桥路26号,14号线(东),将台,566,2000年,四五环之间
亮马名居,朝阳,朝阳公园,亮马桥路36号,14号线(东),枣营,962,2002年,三四环之间
冠军城,朝阳,南沙滩,南沙滩66号,15号线,北沙滩,416,2006年,四五环之间
泰华滨河苑,朝阳,酒仙桥,南十里居41号,14号线(东),东风北桥,941,2003年,四五环之间
定福家园北里,朝阳,定福庄,定福庄路,6号线,褡裢坡,162,2006年,五六环之间
世纪村(一区),朝阳,亚运村小营,育慧东路,15号线,关庄,766,1994年,四五环之间
胜古北里,朝阳,安贞,樱花园西街,10号线,惠新西街南口,333,1997年,三四环之间
大西洋新城(F区),朝阳,望京,南湖南路10号,14号线(东),阜通,379,2002年,四五环之间
安慧东里,朝阳,亚运村小营,小营东路,5号线,惠新西街北口,589,1994年,四五环之间
定福庄西街小区,朝阳,定福庄,定福庄西街,八通线,传媒大学,547,1990年,五六环之间
万方景轩,朝阳,太阳宫,太阳宫中路,10号线,太阳宫,132,2005年,三四环之间
燕归宁馨园,朝阳,十八里店,博大路23号,亦庄线,小红门,1217,2005年,四五环之间
泛海国际樱海园,朝阳,朝阳公园,姚家园路95号,14号线(东),朝阳公园,1661,2008年,四五环之间
嘉和丽园公寓,朝阳,三元桥,霄云路32号,10号线,三元桥,799,2001年,三四环之间
甜水园北里,朝阳,甜水园,水碓子中街,14号线(东),朝阳公园,609,2000年,三四环之间
融域嘉园,朝阳,奥林匹克公园,域清街2号,8号线,林萃桥,746,2005年,四五环之间
懿品阁,朝阳,北沙滩,大屯路甲1号,15号线,北沙滩,700,2006年,四五环之间
山水文园中园,朝阳,华威桥,弘燕路,14号线(东),十里河,924,2005年,三四环之间
道家园小区,朝阳,甜水园,甜水园东街7号,14号线(东),金台路,721,1990年,三四环之间
金台里,朝阳,红庙,金台路,6号线,金台路,811,1991年,三四环之间
US联邦公寓,朝阳,燕莎,东方东路1号,10号线,亮马桥,665,2006年,三四环之间
艺水芳园,朝阳,双桥,北花园街1号,八通线,传媒大学,840,2005年,五六环之间
芳园里社区(南区),朝阳,酒仙桥,将台路,14号线(东),将台,357,2015年,四五环之间
嘉里星源汇,朝阳,三元桥,新源路,10号线,亮马桥,647,2009年,二三环之间
通用时代国际公寓,朝阳,国贸,永安东里甲3号,1号线,永安里,412,2002年,二三环之间
万达大湖公馆,朝阳,奥林匹克公园,清林东路2号,5号线,立水桥南,896,2008年,五六环之间
倚林佳园,朝阳,奥林匹克公园,林萃路,8号线,林萃桥,804,2002年,四五环之间
安华里社区(四区),朝阳,安贞,安定门外大街,5号线,和平西桥,1089,1986年,二三环之间
观音惠园,朝阳,四惠,高碑店路,7号线,化工,1519,2006年,四五环之间
西坝河中里,朝阳,西坝河,七圣南路,13号线,光熙门,906,1990年,二三环之间
华严北里小区,朝阳,健翔桥,民族园西路157号,8号线,奥体中心,782,1993年,三四环之间
甘露园南里一社区(甘露园南里一区),朝阳,甘露园,朝阳路,1号线,四惠东,754,2015年,四五环之间
朝丰家园(8号院),朝阳,豆各庄,天达路8号,7号线,焦化厂,2340,2007年,五六环之间
CBD高尔夫球会别墅,朝阳,高碑店,高碑店路,7号线,双合,1319,2006年,四五环之间
西坝河北里,朝阳,西坝河,太阳宫南街,10号线,太阳宫,710,1988年,三四环之间
松榆里社区,朝阳,潘家园,松榆北路,14号线(东),北工大西门,653,2015年,三四环之间
和平街(十一区),朝阳,和平街,和平里东街,5号线,和平西桥,135,1985年,二三环之间
东润枫景(北区),朝阳,酒仙桥,酒仙桥路,14号线(东),东风北桥,867,2000年,四五环之间
农光东里,朝阳,劲松,南磨房路,10号线,劲松,734,1983年,三四环之间
乐成公馆,朝阳,双井,百子湾南二路74号,14号线(东),九龙山,352,2007年,三四环之间
北京青年城,朝阳,北苑,北苑东路,13号线,北苑,1441,2015年,五六环之间
鸿坤花语墅,朝阳,华威桥,西大望路42号,14号线(东),北工大西门,770,2011年,三四环之间
卓锦万代,朝阳,来广营,新锦路18号,15号线,孙河,2249,2006年,五六环之间
曙光里,朝阳,西坝河,曙光西路,机场线,三元桥,669,2015年,三四环之间
蓝色家园,朝阳,望京,广顺南大街21号,14号线(东),望京南,159,2000年,四五环之间
筑华年,朝阳,北苑,双营路2号,13号线,北苑,957,2010年,五六环之间
金隅丽景园,朝阳,常营,朝阳北路,6号线,草房,325,2010年,五六环之间
安华里社区(一区),朝阳,安贞,安定门外大街,8号线,安华桥,772,1988年,二三环之间
怡景园,朝阳,朝外大街,朝外大街,2号线,朝阳门,746,2002年,二三环之间
澳景花庭,朝阳,奥林匹克公园,花虎沟8号,8号线,林萃桥,913,2003年,四五环之间
霞光里小区,朝阳,三元桥,霄云路,10号线,三元桥,468,2004年,三四环之间
北京城建福润四季A区,朝阳,东坝,管庄路,10号线,三元桥,468,2014年,五六环之间
花家地南里,朝阳,花家地,阜通东大街,14号线(东),望京南,1119,1999年,四五环之间
润泽公馆,朝阳,北苑,水岸南街,13号线,北苑,1207,2015年,五六环之间
建东苑(西区),朝阳,管庄,朝阳路,八通线,双桥,824,2003年,五六环之间
美华世纪大厦,朝阳,建外大街,建华南路15号,1号线,永安里,721,2004年,二三环之间
加利大厦,朝阳,亚运村,北苑路180号,5号线,惠新西街北口,387,2005年,四五环之间
卡布其诺,朝阳,酒仙桥,将台路,14号线(东),将台,1411,2005年,四五环之间
和乔丽晶,朝阳,酒仙桥,芳园西路,14号线(东),将台,718,2000年,四五环之间
花家地西里(一区),朝阳,花家地,望京西路,14号线(东),阜通,982,1986年,四五环之间
山水文园西园,朝阳,华威桥,"弘燕路,近西燕街",14号线(东),十里河,550,2002年,三四环之间
亚运花园,朝阳,亚运村小营,小营北路,15号线,关庄,903,1996年,四五环之间
双桥温泉东里小区(南区),朝阳,管庄,双桥东路,八通线,八里桥,2249,2008年,五六环之间
泰禾北京院子,朝阳,孙河,顺黄路,15号线,孙河,1308,2015年,五六环之间
山水LAVIE,朝阳,北苑,红军营东路,13号线,北苑,492,2004年,五六环之间
南湖渠西里,朝阳,望京,望京西路,15号线,望京西,473,1988年,四五环之间
劲松北社区一区西小院(劲松一区),朝阳,劲松,劲松路,10号线,劲松,242,1977年,二三环之间
劲松东社区(劲松三区),朝阳,劲松,劲松路,10号线,劲松,321,1980年,二三环之间
天和人家,朝阳,南沙滩,军民团结路,15号线,北沙滩,529,2000年,四五环之间
望京明苑,朝阳,望京,广顺北大街36号,15号线,望京,618,2001年,四五环之间
安贞西里小区(安贞西里四区),朝阳,安贞,安贞路,8号线,安华桥,548,1988年,三四环之间
华馨公寓,朝阳,亚运村,朝阳区慧忠北里409号,15号线,安立路,551,1999年,四五环之间
港湾国际,朝阳,三里屯,东直门外大街28号,机场线,东直门,949,2004年,二三环之间
宝星华庭,朝阳,望京,阜通西大街,15号线,望京东,675,2008年,四五环之间
世纪宝鼎公寓,朝阳,亚运村小营,鼎城路,13号线,望京西,898,1998年,四五环之间
金隅丽港城,朝阳,望京,南湖南路,14号线(东),阜通,776,2000年,四五环之间
双惠苑,朝阳,双桥,双桥路,八通线,双桥,521,2002年,五六环之间
安华里社区(五区),朝阳,安贞,安华路,8号线,安华桥,982,1982年,二三环之间
润泽庄园,朝阳,来广营,水岸南街,13号线,北苑,1461,2008年,五六环之间
时间国际中心,朝阳,三元桥,曙光西里甲6号,机场线,三元桥,647,2005年,三四环之间
长安6号小区,朝阳,建外大街,建华南路,1号线,永安里,791,2010年,二三环之间
朝阳雅筑,朝阳,朝青板块,黄衫木店路,6号线,青年路,507,2001年,四五环之间
龙湖双珑原著,朝阳,孙河,景达路1号,15号线,孙河,1558,2015年,五六环之间
南湖中园一区(东区),朝阳,望京,南湖北街,15号线,望京,866,2015年,四五环之间
上东三角洲,朝阳,酒仙桥,驼房营路,14号线(东),将台,1457,2004年,四五环之间
十里堡北里,朝阳,十里堡,朝阳北路,6号线,十里堡,371,1995年,四五环之间
芳林苑,朝阳,潘家园,紫芳路5号,14号线(东),方庄,434,2000年,二三环之间
育慧西里,朝阳,亚运村小营,小营路,15号线,大屯路东,825,1995年,四五环之间
天翠园,朝阳,媒体村,北苑路,5号线,立水桥南,622,2015年,五六环之间
泰福苑(三区),朝阳,定福庄,朝阳北路,6号线,黄渠,523,2004年,五六环之间
安慧北里安园,朝阳,亚运村,大屯路,15号线,安立路,382,1993年,四五环之间
常楹公元,朝阳,常营,朝阳北路,6号线,常营,679,2013年,五六环之间
枣营北里,朝阳,朝阳公园,东三环农展馆路,14号线(东),枣营,433,2015年,三四环之间
锦绣馨园,朝阳,亚运村小营,小营北路,15号线,大屯路东,664,1999年,四五环之间
丰和园,朝阳,太阳宫,太阳宫南街15号,10号线,太阳宫,222,2009年,三四环之间
电子城小区,朝阳,酒仙桥,驼房营南路,14号线(东),将台,1259,2001年,四五环之间
和平街(十二区),朝阳,和平街,和平街,13号线,光熙门,450,1982年,二三环之间
灵通观,朝阳,建外大街,永安里中街,1号线,永安里,488,1993年,二三环之间
御景园,朝阳,潘家园,首图东路,14号线(东),十里河,429,2001年,三四环之间
泛海国际兰海园,朝阳,朝阳公园,辛庄一街28号,6号线,十里堡,1822,2009年,四五环之间
花家地北里,朝阳,花家地,花家地街,14号线(东),阜通,866,1998年,四五环之间
白家庄东里,朝阳,团结湖,姚家园路,10号线,团结湖,502,2015年,三四环之间
劲松北社区二区西小院(劲松二区),朝阳,劲松,劲松路,10号线,劲松,638,1977年,二三环之间
罗马花园,朝阳,惠新西街,惠新西街18号,5号线,惠新西街北口,450,1995年,三四环之间
盛和家园,朝阳,亚运村小营,安慧东里2号,5号线,惠新西街北口,663,2002年,四五环之间
东恒时代(二期),朝阳,八里庄,八里庄东里甲2号,1号线,四惠,490,2002年,四五环之间
十里堡东里,朝阳,十里堡,朝阳路,6号线,十里堡,755,1984年,四五环之间
北平里,朝阳,首都机场,机场南路,机场线,T3航,楼站1858,1998年,五六环之间
华亭嘉园,朝阳,健翔桥,北四环中路6号,8号线,奥体中心,763,2000年,三四环之间
望花路西里社区,朝阳,花家地,望花路,14号线(东),阜通,297,1981年,四五环之间
华严里,朝阳,健翔桥,华严北里甲1号,10号线,健德门,423,1996年,三四环之间
东大桥路小区,朝阳,东大桥,东大桥路,1号线,永安里,390,2015年,二三环之间
CBD总部公寓(三期),朝阳,双井,光华北一街,7号线,广渠门外,597,2009年,二三环之间
保利东郡,朝阳,石佛营,石佛营路,6号线,十里堡,764,2013年,四五环之间
向军北里,朝阳,东大桥,东三环北路,10号线,呼家楼,193,1993年,二三环之间
康堡财富堡座,朝阳,工体,工人体育场东路8号,6号线,东大桥,638,2002年,二三环之间
芍药居5号院,朝阳,芍药居,育慧南路,13号线,芍药居,745,1990年,三四环之间
三丰里,朝阳,朝外大街,三丰胡同,2号线,朝阳门,678,1978年,二三环之间
和平街西苑,朝阳,安贞,和平里西街,5号线,和平西桥,339,1998年,二三环之间
富力爱丁堡公馆,朝阳,团结湖,白家庄路1号,10号线,团结湖,496,2005年,二三环之间
慧谷时空,朝阳,望京,广顺北大街,15号线,望京,515,2001年,四五环之间
石佛营东里小区,朝阳,石佛营,姚家园路,6号线,十里堡,1261,1995年,四五环之间
吉祥里小区,朝阳,朝外大街,朝外北街,2号线,朝阳门,483,1996年,二三环之间
金蝉南里,朝阳,垡头,金蝉南路,7号线,欢乐谷景区,537,2015年,四五环之间
东平里,朝阳,首都机场,机场南路,机场线,T3航,楼站1451,1985年,五六环之间
京华豪园,朝阳,朝外大街,外交部南街10号,2号线,朝阳门,785,2000年,二三环之间
武圣东里,朝阳,潘家园,松榆北路,14号线(东),北工大西门,730,1962年,三四环之间
禧福汇,朝阳,劲松,南磨房路16号,14号线(东),北工大西门,936,2008年,三四环之间
观筑庭园,朝阳,十里河,吕营大街,亦庄线,小红门,1459,2004年,三四环之间
丝竹园,朝阳,健翔桥,安翔路,8号线,奥体中心,1261,2015年,四五环之间
万科蓝山,朝阳,国贸,南磨坊路3号,7号线,大郊亭,676,2009年,三四环之间
建业苑,朝阳,潘家园,松榆北路7号,10号线,潘家园,378,1990年,三四环之间
浩鸿园,朝阳,国展,西坝河南路3号,13号线,柳芳,124,2001年,二三环之间
东山墅,朝阳,朝阳公园,东四环北路7号,14号线(东),东风北桥,1049,2000年,四五环之间
甜水园东里,朝阳,甜水园,甜水园东街,14号线(东),金台路,483,1984年,三四环之间
佳兴园,朝阳,北苑,广来路,5号线,北苑路北,705,2003年,五六环之间
亮马嘉园,朝阳,酒仙桥,酒仙桥路,14号线(东),东风北桥,1211,2006年,四五环之间
万科大都会,朝阳,CBD,东三环中路甲10号,10号线,国贸,352,2011年,三四环之间
北京城建N次方,朝阳,北苑,水岸南街16号,13号线,立水桥,907,2013年,五六环之间
吕营嘉园A区,朝阳,十里河,吕营大街,10号线,分钟寺,1526,2003年,三四环之间
安贞西里居住小区(安贞西里三区),朝阳,安贞,北辰路,8号线,安华桥,351,1988年,三四环之间
华盛乐章,朝阳,健翔桥,安翔北路1号,8号线,奥林匹克公园,1245,2000年,四五环之间
安慧里(四区),朝阳,亚运村,北四环东路,5号线,惠新西街北口,411,2015年,四五环之间
工人体育场东路小区,朝阳,朝外大街,工人体育场东路,6号线,东大桥,320,1988年,二三环之间
东大桥东里,朝阳,东大桥,朝阳门外大街,6号线,东大桥,282,1991年,二三环之间
上东8号,朝阳,酒仙桥,芳园南里9号,14号线(东),将台,410,2013年,四五环之间
人民日报社家属区,朝阳,红庙,金台北街,6号线,金台路,675,1975年,三四环之间
慈云寺小区,朝阳,红庙,大望路慈云寺46号,八通线,四惠,710,2003年,三四环之间
点击未来沁居,朝阳,花家地,金兴路16号,14号线(东),阜通,532,2003年,四五环之间
世茂宫园,朝阳,工体,东三环北路55号,10号线,呼家楼,381,2004年,二三环之间
怡禾国际温莎大道,朝阳,国贸,光华路,1号线,永安里,456,2003年,二三环之间
京师园,朝阳,奥林匹克公园,林萃路9号,8号线,林萃桥,570,2004年,四五环之间
泉发花园,朝阳,来广营,香江北路2号,15号线,马泉营,1226,2002年,五六环之间
御辰上院,朝阳,双井,黄木厂1号院,10号线,双井,769,2011年,三四环之间
青年路小区,朝阳,朝青板块,朝阳北路,6号线,青年路,575,1980年,四五环之间
西坝河西里,朝阳,西坝河,北三环东路,13号线,光熙门,562,1985年,二三环之间
双柳小区,朝阳,双桥,双桥路,八通线,双桥,378,2015年,五六环之间
秀水园小区,朝阳,团结湖,甜水园街,14号线(东),朝阳公园,551,1990年,三四环之间
亚奥金茂悦,朝阳,北苑,红军营东路15号,5号线,北苑路北,1572,2013年,五六环之间
左家庄东里,朝阳,左家庄,左家庄东街,13号线,柳芳,1130,1995年,二三环之间
劲松西社区(劲松八区),朝阳,劲松,劲松路,10号线,劲松,1093,2000年,二三环之间
富仁名苑,朝阳,安贞,建安东路,10号线,惠新西街南口,458,2003年,三四环之间
盛世嘉园,朝阳,国贸,建国路98号,14号线(东),大望路,443,2000年,三四环之间
安翔里,朝阳,健翔桥,安翔路,8号线,奥体中心,1150,1980年,四五环之间
北京Golf公寓,朝阳,朝阳公园,公园西路8号,14号线(东),枣营,752,2005年,三四环之间
碧海方舟,朝阳,亚运村,鼎成路6号,13号线,望京西,677,2003年,四五环之间
光辉南里小区,朝阳,大望路,建国路,14号线(东),大望路,289,2002年,三四环之间
观音景园,朝阳,高碑店,高碑店路,7号线,化工,1647,2006年,四五环之间
澳林春天(四期),朝阳,奥林匹克公园,林萃路,8号线,林萃桥,1044,2003年,四五环之间
都市心海岸雅园,朝阳,花家地,阜通西大街18号,14号线(东),阜通,495,2002年,四五环之间
风景线,朝阳,酒仙桥,将台西路,14号线(东),将台,638,1999年,四五环之间
东坝家园A区,朝阳,东坝,单店中路,14号线(东),将台,638,2001年,五六环之间
吉庆里小区,朝阳,朝外大街,朝外北街,2号线,朝阳门,578,1998年,二三环之间
芍药居甲2号院,朝阳,芍药居,芍药居甲2号,13号线,芍药居,520,1996年,三四环之间
都城心屿,朝阳,劲松,劲松路甲1号,10号线,劲松,864,2007年,二三环之间
银枫家园,朝阳,酒仙桥,酒仙桥北路7号,15号线,望京东,1623,2001年,四五环之间
三源里北小街小区,朝阳,三元桥,东三环北路,10号线,三元桥,676,2015年,二三环之间
保利香槟花园,朝阳,亚运村小营,小营路6号,15号线,关庄,750,2007年,四五环之间
大山子南里,朝阳,大山子,酒仙桥路,14号线(东),望京南,638,1996年,四五环之间
翌景嘉园,朝阳,潘家园,东三环南路21号,10号线,潘家园,356,2000年,二三环之间
首创爱这城(一期),朝阳,四惠,十里堡甲1号,1号线,四惠东,800,2007年,四五环之间
南湖佳苑,朝阳,望京,"河荫西路,近南湖北路",14号线(东),东湖渠,855,2000年,四五环之间
国展新座,朝阳,太阳宫,太阳宫南街7号,10号线,太阳宫,495,2003年,三四环之间
常营民族家园,朝阳,常营,常营北路,6号线,黄渠,713,2000年,五六环之间
顺源里小区,朝阳,三元桥,新源街,10号线,亮马桥,347,1983年,二三环之间
康静里小区,朝阳,东坝,平房路,10号线,亮马桥,347,1995年,五六环之间
芍药居2号院,朝阳,芍药居,北土城东路,10号线,芍药居,470,1982年,三四环之间
汇鸿家园,朝阳,管庄,常营南路50号,6号线,黄渠,886,2004年,五六环之间
首开畅心园,朝阳,常营,五里桥一街3号,6号线,草房,478,2010年,五六环之间
惠新北里社区,朝阳,惠新西街,安苑路,5号线,惠新西街北口,375,1995年,三四环之间
育慧里二区,朝阳,亚运村小营,小营东路,15号线,关庄,1010,1998年,四五环之间
世方豪庭,朝阳,三元桥,新源南路16号,10号线,亮马桥,984,2000年,二三环之间
和平街(十三区),朝阳,和平街,和平街,13号线,光熙门,665,1995年,二三环之间
臻园,朝阳,望京,来广营西路,14号线(东),来广营,269,2015年,五六环之间
慧苑华侨公寓,朝阳,亚运村,安立路,5号线,惠新西街北口,860,2015年,四五环之间
富华家园,朝阳,朝青板块,黄衫木店路186号,6号线,青年路,1059,2000年,四五环之间
阿曼寓所,朝阳,朝青板块,黄衫木店路188号,6号线,青年路,1045,2007年,四五环之间
连心园,朝阳,常营,常新南路,6号线,草房,839,2005年,五六环之间
乐澜宝邸,朝阳,劲松,南磨房路39号,10号线,劲松,290,2003年,三四环之间
福怡苑小区(北区),朝阳,定福庄,定福庄北街,6号线,褡裢坡,767,2000年,五六环之间
中海城风情苑(南区),朝阳,小红门,成寿寺路138号,10号线,成寿寺,550,2006年,三四环之间
京旺家园一区,朝阳,望京,金港南路,10号线,成寿寺,550,2000年,五六环之间
南十里居,朝阳,酒仙桥,酒仙桥路,14号线(东),东风北桥,746,1996年,四五环之间
水碓子东里,朝阳,团结湖,甜水园街,14号线(东),金台路,267,2015年,三四环之间
官悦欣园(B区),朝阳,百子湾,官庄北街,7号线,化工,683,2014年,四五环之间
金隅悦和园,朝阳,东坝,平房路,7号线,化工,683,2011年,五六环之间
金隅景和园,朝阳,东坝,驹子房路,7号线,化工,683,2010年,五六环之间
西坝河南里小区,朝阳,西坝河,柳芳北街,13号线,柳芳,517,2001年,二三环之间
八里庄南里小区,朝阳,八里庄,朝阳北路138号,6号线,十里堡,480,1990年,四五环之间
瑞祥里东区,朝阳,管庄,瑞祥路,八通线,八里桥,613,2008年,五六环之间
幸福一村,朝阳,工体,工人体育场北路,10号线,团结湖,1178,1998年,二三环之间
天怡家园,朝阳,北苑,春华路,5号线,立水桥南,743,2005年,五六环之间
风格派,朝阳,亚运村,小营北路,15号线,大屯路东,780,2007年,四五环之间
芳馨园,朝阳,国展,西坝河南路6号,13号线,柳芳,264,2001年,二三环之间
双花园西里小区,朝阳,双井,广渠门北滨河路,7号线,广渠门外,492,1990年,二三环之间
惠新苑,朝阳,惠新西街,惠新西街9号,5号线,惠新西街北口,302,1999年,三四环之间
曙光西里,朝阳,西坝河,曙光西路,10号线,三元桥,713,2015年,三四环之间
天筑零点,朝阳,管庄,双桥东路,八通线,管庄,1015,2009年,五六环之间
汉华苑,朝阳,潘家园,松榆南路54号,10号线,潘家园,657,1998年,三四环之间
CBD总部公寓II(二期),朝阳,双井,光华北一街,7号线,广渠门外,803,2004年,二三环之间
优点社区,朝阳,常营,幺家店路,6号线,常营,1064,2006年,五六环之间
润枫德尚国际公寓,朝阳,亚运村,安立路60号,15号线,安立路,327,2004年,四五环之间
垡头西里,朝阳,垡头,金蝉南路,7号线,欢乐谷景区,1188,1983年,四五环之间
世纪嘉园,朝阳,小关,安苑路,10号线,安贞门,700,2000年,三四环之间
枣营南里,朝阳,朝阳公园,东三环北路,14号线(东),枣营,246,1987年,三四环之间
双花园南里(一区),朝阳,双井,广和里中街,7号线,广渠门外,764,1998年,二三环之间
潘家园南里,朝阳,潘家园,华威南路,10号线,潘家园,1016,1980年,二三环之间
海华堂,朝阳,十里堡,朝阳路,6号线,十里堡,459,2008年,四五环之间
双井北里小区,朝阳,双井,百子湾南二路,10号线,双井,517,1984年,三四环之间
尚东阁,朝阳,管庄,朝阳路,八通线,双桥,740,2007年,五六环之间
美伦堡,朝阳,北沙滩,科荟路51号,15号线,北沙滩,1017,2008年,四五环之间
银谷美泉,朝阳,朝青板块,姚家园路甲8号,6号线,青年路,1777,2008年,四五环之间
安华里社区(三区),朝阳,安贞,安定门外大街,5号线,和平西桥,1028,1986年,二三环之间
双花园南里(二区),朝阳,双井,光华北一街,7号线,广渠门外,658,1999年,二三环之间
远洋一方润园(西区),朝阳,管庄,塔营北街6号,八通线,管庄,1037,2010年,五六环之间
东风家园,朝阳,酒仙桥,酒仙桥路,14号线(东),东风北桥,778,2000年,四五环之间
江南山水,朝阳,小红门,红坊路6号,亦庄线,小红门,1163,2011年,四五环之间
管庄东里,朝阳,管庄,管庄路,6号线,常营,1020,1986年,五六环之间
风格雅园,朝阳,望京,南湖南路8号,14号线(东),望京,620,2001年,四五环之间
武圣西里,朝阳,劲松,松榆北路,10号线,潘家园,459,1962年,三四环之间
凯德锦绣,朝阳,八里庄,慈云寺北里207号,八通线,四惠,1034,2000年,四五环之间
新华联丽港,朝阳,酒仙桥,酒仙桥中路26号,14号线(东),将台,566,2008年,四五环之间
广顺园,朝阳,潘家园,紫芳路9号,14号线(东),方庄,346,2002年,二三环之间
远洋一方林语苑,朝阳,管庄,双桥东路7号,八通线,管庄,1301,2009年,五六环之间
驼房营南里,朝阳,酒仙桥,将台路,14号线(东),东风北桥,1521,1997年,四五环之间
绿丰家园,朝阳,豆各庄,绿丰家园东路,14号线(东),东风北桥,1521,2006年,五六环之间
金盏嘉园A区,朝阳,大山子,长店大街,14号线(东),东风北桥,1521,2011年,五六环之间
劲松五区,朝阳,劲松,劲松路,10号线,劲松,755,1983年,二三环之间
时代庄园,朝阳,北苑,红军营东路18号,13号线,北苑,253,2003年,五六环之间
紫南家园(北区),朝阳,欢乐谷,金蝉西路,7号线,南楼梓庄,356,2001年,四五环之间
新源里西小区,朝阳,三元桥,新东路,10号线,亮马桥,1191,1999年,二三环之间
凯景铭座大厦,朝阳,安贞,外馆东街51号,8号线,安德里北街,931,2004年,二三环之间
团结湖一二条北小区,朝阳,团结湖,团结湖北路,10号线,团结湖,282,1985年,三四环之间
远洋公馆,朝阳,三元桥,霄云路,10号线,三元桥,415,2000年,三四环之间
北沙滩1号院,朝阳,北沙滩,北沙滩路1号,15号线,北沙滩,497,2015年,四五环之间
兴隆家园(北区),朝阳,高碑店,高碑店北路,八通线,高碑店,820,1998年,四五环之间
蓝筹名座,朝阳,朝外大街,朝外北街,2号线,朝阳门,405,2003年,二三环之间
来北家园,朝阳,北苑,北院中街,5号线,北苑路北,1383,2012年,五六环之间
嘉多丽园(南区),朝阳,潘家园,东三环南路19号,14号线(东),十里河,214,2002年,二三环之间
白领家园,朝阳,高碑店,高碑店北路甲6号,八通线,四惠东,505,2004年,四五环之间
六里屯北里,朝阳,朝阳公园,朝阳公园南路,14号线(东),朝阳公园,278,1980年,三四环之间
农光南里,朝阳,劲松,松榆北路3号,10号线,潘家园,270,1980年,三四环之间
柏阳景园A区,朝阳,豆各庄,白鹿司路,7号线,焦化厂,2512,2000年,五六环之间
静安东里,朝阳,左家庄,静安东街,10号线,三元桥,587,2010年,二三环之间
汇欣公寓,朝阳,安慧桥,惠忠路,15号线,安立路,1028,2000年,四五环之间
延静里中街小区,朝阳,红庙,延静里中街,6号线,金台路,843,1992年,三四环之间
雅宝里社区,朝阳,朝外大街,朝外西路,6号线,朝阳门,828,1996年,二三环之间
日坛晶华,朝阳,建外大街,"朝外南街,近芳草地西街",6号线,东大桥,686,2001年,二三环之间
延静东里,朝阳,红庙,朝阳北路,6号线,金台路,725,1999年,三四环之间
皇姑坟小区,朝阳,安贞,胜古北路,10号线,安贞门,668,1990年,三四环之间
左家庄南里,朝阳,国展,左家庄西街,13号线,柳芳,905,1990年,二三环之间
宏源公寓,朝阳,酒仙桥,酒仙桥路,14号线(东),望京南,748,2001年,四五环之间
奥东18号,朝阳,惠新西街,安苑路18号,5号线,惠新西街北口,632,2009年,三四环之间
东方雅苑,朝阳,大望路,西大望路63号,7号线,九龙山,685,2005年,三四环之间
富力阳光美园,朝阳,常营,常营中路2号,6号线,常营,674,2004年,五六环之间
中广宜景湾,朝阳,望京,望京西路,15号线,望京西,862,2008年,四五环之间
华源之星,朝阳,三里屯,东大桥斜街6号,6号线,东大桥,684,2003年,二三环之间
方华苑,朝阳,潘家园,南新园中路,14号线(东),十里河,764,2000年,三四环之间
珠江帝景(E区),朝阳,大望路,黄辛庄路,7号线,大郊亭,697,2000年,三四环之间
劲松七区,朝阳,劲松,劲松南路,10号线,劲松,1179,1983年,二三环之间
晴翠园,朝阳,大山子,金盏北路8号,10号线,劲松,1179,2006年,五六环之间
嘉禾园小区,朝阳,潘家园,潘家园路,10号线,潘家园,1093,2000年,二三环之间
金福家园,朝阳,定福庄,定福庄北街,6号线,褡裢坡,1011,2003年,五六环之间
富力城(E区),朝阳,双井,广和里中街,7号线,广渠门外,304,2007年,二三环之间
东泽园,朝阳,东坝,红松路1号,7号线,广渠门外,304,2011年,五六环之间
名苑雅居,朝阳,北沙滩,科荟路,15号线,北沙滩,901,2005年,四五环之间
慧谷根园,朝阳,望京,广泽路2号,15号线,望京东,905,2003年,四五环之间
中和家园,朝阳,北沙滩,军民团结路,15号线,北沙滩,549,2000年,四五环之间
香河园中里,朝阳,左家庄,香河园路,10号线,三元桥,1162,1992年,二三环之间
甘露家园,朝阳,甘露园,朝阳路,6号线,青年路,733,1975年,四五环之间
幸福三村,朝阳,工体,东直门外大街16号,10号线,农业展览馆,857,1980年,二三环之间
呼家楼南里,朝阳,呼家楼,朝阳路,10号线,金台夕照,541,2015年,三四环之间
建工家园,朝阳,劲松,四路通路,14号线(东),北工大西门,1276,2009年,三四环之间
马南里小区(东区),朝阳,来广营,东辛店中街,15号线,马泉营,1380,2015年,五六环之间
铂宫国际中心,朝阳,CBD,朝阳门外大街3号,6号线,东大桥,397,2006年,二三环之间
天乐园,朝阳,媒体村,红军营南路,5号线,北苑路北,616,1999年,五六环之间
团结湖东里,朝阳,团结湖,姚家园路,10号线,团结湖,725,2015年,三四环之间
安立花园小区,朝阳,亚运村,慧忠北里109号,15号线,安立路,128,1999年,四五环之间
通惠家园惠生园,朝阳,四惠,建国路,1号线,四惠东,737,2001年,四五环之间
和平街十五区(1号院),朝阳,和平街,青年沟路,13号线,光熙门,371,1995年,二三环之间
磨房北里,朝阳,劲松,南磨房路,14号线(东),北工大西门,887,1980年,三四环之间
嘉林花园,朝阳,酒仙桥,嘉林路甲1号,14号线(东),将台,847,1995年,四五环之间
向军南里,朝阳,呼家楼,东三环北路,6号线,呼家楼,261,2002年,二三环之间
丽晶苑,朝阳,建外大街,建国门外大街乙8号,1号线,永安里,169,1998年,二三环之间
裕瑞轩,朝阳,北沙滩,花虎沟36号,8号线,林萃桥,1059,2003年,四五环之间
金星小区,朝阳,定福庄,定福庄北街,八通线,传媒大学,1001,2015年,五六环之间
双井东院,朝阳,双井,广渠路,10号线,双井,266,2006年,三四环之间
劲松四区,朝阳,劲松,劲松路,10号线,劲松,588,1977年,二三环之间
安慧北里雅园,朝阳,亚运村,安慧北里小区路,15号线,安立路,597,1999年,四五环之间
万科东第,朝阳,朝阳公园,姚家园路,14号线(东),朝阳公园,350,2007年,三四环之间
金蝉北里,朝阳,垡头,厚金路,7号线,欢乐谷景区,739,1998年,四五环之间
白家庄北里,朝阳,三里屯,东三环北路17号,10号线,团结湖,269,2007年,二三环之间
建国里,朝阳,建外大街,建国里2号,2号线,建国门,628,1997年,二三环之间
惠新西街甲17号院,朝阳,惠新西街,惠新西街甲17号,5号线,惠新西街北口,379,1988年,三四环之间
东领鉴筑家园,朝阳,定福庄,定福庄北街,6号线,褡裢坡,1086,2005年,五六环之间
华美橡树岭,朝阳,双桥,双桥南街9号,八通线,管庄,2408,2002年,五六环之间
世纪村(三区),朝阳,亚运村小营,小营东路,15号线,关庄,699,1997年,四五环之间
永安东里,朝阳,建外大街,建国门外大街,1号线,永安里,183,2015年,二三环之间
海棠公社(2号院),朝阳,豆各庄,白鹿司路2号,7号线,焦化厂,2322,2005年,五六环之间
康城花园别墅,朝阳,双桥,双桥东路9号,八通线,八里桥,2593,2000年,五六环之间
安慧里(三区),朝阳,亚运村,北四环东路,5号线,惠新西街北口,639,1996年,四五环之间
丽景馨居,朝阳,甘露园,朝阳路,6号线,青年路,835,2000年,四五环之间
酷特区,朝阳,十里堡,石佛营东路,6号线,十里堡,914,2006年,四五环之间
芍药居9号院,朝阳,芍药居,京承高速,13号线,芍药居,364,1995年,三四环之间
吉利家园,朝阳,芍药居,芍药居路20号,10号线,芍药居,644,2001年,三四环之间
十里堡南区,朝阳,十里堡,朝阳北路,6号线,十里堡,334,1995年,四五环之间
团结湖公寓,朝阳,团结湖,团结湖东里12号,14号线(东),朝阳公园,868,1999年,三四环之间
滨河花园,朝阳,酒仙桥,东四环北路6号,14号线(东),将台,975,1999年,四五环之间
天安豪园,朝阳,朝阳公园,朝阳公园西路17号,14号线(东),朝阳公园,627,2004年,三四环之间
紫东苑,朝阳,潘家园,东三环南路,10号线,潘家园,347,2000年,三四环之间
住欣家园(东区),朝阳,常营,朝阳北路,6号线,草房,400,2006年,五六环之间
八里庄西里,朝阳,慈云寺,八里庄西里10号,1号线,四惠,1061,2000年,四五环之间
福慧嘉苑,朝阳,定福庄,定福庄南里4号,八通线,传媒大学,594,2001年,五六环之间
绿岛苑(西区),朝阳,定福庄,平房路,八通线,传媒大学,1183,2002年,五六环之间
科学园南里六区,朝阳,南沙滩,科学院南里中街,15号线,北沙滩,1051,1997年,四五环之间
名人公寓,朝阳,亚运村,慧忠路,15号线,安立路,841,2002年,四五环之间
首创爱这城(二期),朝阳,十里堡,十里堡甲2号,1号线,四惠,958,2015年,四五环之间
新金山国际公寓,朝阳,朝外大街,"三丰路,近东二环路",2号线,朝阳门,531,2008年,二三环之间
和平街十区,朝阳,和平街,和平街,5号线,和平里北街,682,1994年,二三环之间
安华里社区(二区),朝阳,安贞,安华路,8号线,安华桥,926,1987年,二三环之间
碧湖居,朝阳,朝阳公园,朝阳公园西路9号,14号线(东),枣营,661,1998年,三四环之间
砖角楼南里,朝阳,柳芳,东土城路,13号线,柳芳,820,1983年,二三环之间
南郎家园,朝阳,国贸,建国路,10号线,国贸,504,2002年,三四环之间
富成花园,朝阳,亚运村,北四环东路89号,13号线,望京西,745,1998年,四五环之间
科学园南里七区,朝阳,南沙滩,科学院南里东街,8号线,奥林匹克公园,846,1993年,四五环之间
绿荫芳邻,朝阳,望京,阜通西大街,14号线(东),望京,508,2001年,四五环之间
马甸经典家园,朝阳,健翔桥,祁家豁子甲8号,10号线,健德门,353,2001年,三四环之间
富东嘉园,朝阳,东坝,福东家园路,6号线,褡裢坡,2676,2000年,五六环之间
红庙西里,朝阳,红庙,光华路2号,14号线(东),大望路,727,1986年,三四环之间
绿雅阁,朝阳,芍药居,北四环东路,13号线,望京西,1178,2000年,三四环之间
双兴小区,朝阳,朝阳公园,朝阳北路,6号线,十里堡,958,2010年,四五环之间
星源国际公寓,朝阳,望京,广顺北大街,15号线,望京,428,2004年,四五环之间
塞纳维拉水景别墅,朝阳,北苑,滨河路,13号线,立水桥,734,2004年,五六环之间
甘露晴苑,朝阳,甘露园,朝阳路,6号线,青年路,814,2001年,四五环之间
锦鸿阁,朝阳,和平街,青年沟路8号,13号线,柳芳,422,2006年,二三环之间
慈云寺北里,朝阳,慈云寺,朝阳路,6号线,十里堡,828,2008年,四五环之间
格林莱雅,朝阳,垡头,金蝉里22号,7号线,欢乐谷景区,585,2009年,四五环之间
延静里小区,朝阳,红庙,延静里6号,6号线,金台路,259,1981年,三四环之间
和谐雅园,朝阳,双井,武圣北路6号,10号线,劲松,812,2008年,三四环之间
燕翔西里,朝阳,首都机场,机场南路,机场线,T3航,楼站1905,1980年,五六环之间
新源街小区,朝阳,三元桥,新源南路10号,10号线,亮马桥,946,2015年,二三环之间
白家庄西里,朝阳,三里屯,白家庄路,10号线,团结湖,571,2007年,二三环之间
惠新西街33号院,朝阳,惠新西街,北三环外惠新西街33号,5号线,惠新西街南口,191,1995年,三四环之间
远洋新悦(1号院),朝阳,管庄,小寺村南街1号,八通线,八里桥,1215,2012年,五六环之间
高原街4号院,朝阳,芍药居,高原街4号,5号线,惠新西街北口,969,1991年,三四环之间
六里屯东里,朝阳,朝阳公园,姚家园路,14号线(东),朝阳公园,536,1980年,三四环之间
青青家园,朝阳,豆各庄,京沈高速路,14号线(东),朝阳公园,536,2000年,五六环之间
平安嘉苑,朝阳,北苑,北苑路,5号线,立水桥南,643,2000年,五六环之间
龙祥嘉园,朝阳,奥林匹克公园,清林东路,5号线,立水桥南,1078,2002年,五六环之间
十里堡北区,朝阳,十里堡,石佛营路,6号线,十里堡,772,2004年,四五环之间
伯宁花园,朝阳,朝阳公园,朝阳公园路,14号线(东),枣营,213,1996年,三四环之间
团结湖北里小区,朝阳,团结湖,团结湖路,10号线,呼家楼,649,1985年,三四环之间
京达国际公寓,朝阳,朝阳公园,朝阳公园路11号,14号线(东),朝阳公园,516,2004年,三四环之间
紫荆豪庭,朝阳,团结湖,东三环北路30号,10号线,呼家楼,152,1999年,三四环之间
东会新村,朝阳,管庄,双桥东路1号,八通线,管庄,122,1998年,五六环之间
姚家园西里一号院,朝阳,姚家园,姚家园西里1号,14号线(东),东风北桥,2737,2000年,四五环之间
朝阳捷座,朝阳,石佛营,石佛营东里134号,6号线,十里堡,1321,2005年,四五环之间
华业玫瑰郡,朝阳,石佛营,石佛营路,6号线,十里堡,859,2008年,四五环之间
瑞和国际,朝阳,定福庄,定福庄北街,6号线,褡裢坡,993,2000年,五六环之间
机场南路东里,朝阳,首都机场,机场南路,机场线,T3航,楼站1680,1998年,五六环之间
华悦国际公寓,朝阳,亚运村,大屯北路,5号线,大屯路东,500,2006年,四五环之间
阳明广场,朝阳,亚运村小营,小营路10号,15号线,关庄,888,2001年,四五环之间
新源里东小区,朝阳,三元桥,新源街,10号线,亮马桥,1038,1985年,二三环之间
科学园南里四区,朝阳,南沙滩,科学院南里东街,15号线,奥林匹克公园,963,1998年,四五环之间
优士阁,朝阳,双井,广渠门外大街8号,10号线,双井,217,2003年,二三环之间
劲松六区,朝阳,劲松,劲松南路,10号线,劲松,903,2015年,二三环之间
机场南路西里,朝阳,首都机场,机场南路,机场线,T3航,楼站1907,2015年,五六环之间
慧忠北里第二社区,朝阳,亚运村,安立路,15号线,安立路,579,2000年,四五环之间
绿岛苑(东区),朝阳,定福庄,朝阳路,八通线,传媒大学,1051,1994年,五六环之间
金隅凤麟洲,朝阳,朝阳公园,姚家园西里9号,6号线,青年路,2216,2003年,四五环之间
望馨花园,朝阳,望京,利泽西二路,14号线(东),东湖渠,579,2001年,四五环之间
北沙滩8号院,朝阳,北沙滩,北沙滩8号,15号线,北沙滩,758,1998年,四五环之间
景龙国际,朝阳,亚运村,拂林路9号,5号线,北苑路北,822,2000年,五六环之间
望京路10号院,朝阳,花家地,望京路10号,14号线(东),阜通,489,1987年,四五环之间
水碓子西里,朝阳,团结湖,团结湖路52号,10号线,呼家楼,552,2015年,三四环之间
太平庄南里小区,朝阳,工体,春秀路,机场线,东直门,916,1992年,二三环之间
上林世家,朝阳,奥林匹克公园,林萃路1号,8号线,林萃桥,278,2012年,四五环之间
汇成家园,朝阳,朝青板块,青年路22号,6号线,青年路,610,2001年,四五环之间
小关东里10号院,朝阳,小关,北土城东路,5号线,惠新西街南口,274,1992年,三四环之间
康城香草天空,朝阳,管庄,双桥东路9号,八通线,管庄,2665,2004年,五六环之间
北京金岛花园,朝阳,柳芳,西坝河南路1号,13号线,柳芳,339,1999年,二三环之间
明天第一城5号院,朝阳,北苑,立清路5号,13号线,立水桥,730,2007年,五六环之间
高家园社区(一区),朝阳,酒仙桥,芳园西路,14号线(东),望京南,799,1984年,四五环之间
呼家楼新苑,朝阳,CBD,朝阳路,10号线,金台夕照,374,1998年,三四环之间
北窑地小区,朝阳,酒仙桥,酒仙桥北路,14号线(东),望京南,1803,2015年,四五环之间
新都市计划,朝阳,亚运村小营,北四环东路,5号线,惠新西街北口,565,1990年,四五环之间
濠景阁,朝阳,潘家园,东二环路,10号线,潘家园,1271,2002年,二三环之间
呼家楼西里,朝阳,呼家楼,朝阳路,10号线,金台夕照,565,2015年,三四环之间
北苑2号院,朝阳,北苑,北苑路2号,5号线,北苑路北,409,1995年,五六环之间
垡头北里,朝阳,垡头,垡头街,7号线,欢乐谷景区,1092,1982年,四五环之间
芳园南里,朝阳,酒仙桥,将台西路,14号线(东),将台,267,2000年,四五环之间
酒仙桥十街坊小区,朝阳,酒仙桥,红霞中路,14号线(东),东风北桥,584,1980年,四五环之间
绿城北京诚园,朝阳,南沙滩,南沙滩东路3号,15号线,北沙滩,785,2010年,四五环之间
奥加国际公寓,朝阳,三里屯,东直门外大街26号,机场线,东直门,1067,2010年,二三环之间
日月东华,朝阳,石佛营,石佛营东路,6号线,十里堡,1007,1998年,四五环之间
华辉苑,朝阳,潘家园,华威南路1-3号,14号线(东),十里河,461,1998年,二三环之间
亚奥人家,朝阳,健翔桥,安翔里1号,8号线,奥体中心,1006,1999年,四五环之间
芍药居14号院,朝阳,芍药居,文学馆路,10号线,芍药居,626,1991年,三四环之间
工体西里小区,朝阳,工体,工体西路,2号线,朝阳门,784,2002年,二三环之间
亚奥阳光,朝阳,健翔桥,健翔桥安翔里1号,8号线,奥体中心,1164,2004年,四五环之间
樱花园小区,朝阳,惠新西街,北京市朝阳区建安东路,10号线,惠新西街南口,505,1986年,三四环之间
博世祥园,朝阳,亚运村,北辰东路6号,15号线,安立路,552,2010年,四五环之间
金隅泰和园,朝阳,朝青板块,高井北街7号,八通线,高碑店,1162,2014年,四五环之间
劲松九区,朝阳,劲松,广渠门南滨河路,7号线,广渠门外,733,1982年,二三环之间
农光南路小区,朝阳,劲松,农光南路,14号线(东),北工大西门,682,1980年,三四环之间
香榭舍(商住楼),朝阳,华威桥,南新园西路6号,14号线(东),十里河,658,1999年,三四环之间
垂杨柳北里,朝阳,双井,垂杨柳中街,10号线,双井,424,1980年,二三环之间
马道口小区,朝阳,团结湖,水碓子中路,14号线(东),金台路,471,1980年,三四环之间
明天生活馆,朝阳,北苑,汤立路218号,13号线,立水桥,353,2000年,五六环之间
双桥小区,朝阳,双桥,广渠路,八通线,双桥,1638,1999年,五六环之间
蓝珏苑,朝阳,惠新西街,惠新西街16号,5号线,惠新西街北口,304,2003年,三四环之间
明天第一城1号院,朝阳,北苑,立清路1号,5号线,立水桥,352,2007年,五六环之间
北京好漾,朝阳,东坝,朝阳区东坝中路西200米,5号线,立水桥,352,2004年,五六环之间
酒仙桥一街坊,朝阳,酒仙桥,酒仙桥路,14号线(东),将台,720,1957年,四五环之间
福盈家园2号院(福盈家园东区),朝阳,定福庄,三间房西路2号,6号线,褡裢坡,433,2010年,五六环之间
花园闸北里,朝阳,定福庄,定福庄西街,八通线,传媒大学,622,2015年,五六环之间
广渠门外大街6号院,朝阳,双井,广渠门外大街6号,10号线,双井,235,1997年,二三环之间
天泰北双苑,朝阳,双桥,北花园街6号,八通线,传媒大学,757,2004年,五六环之间
君汇雅居,朝阳,工体,东三环北路,10号线,团结湖,295,2012年,二三环之间
牛王庙小区,朝阳,三里屯,东三环北路,10号线,亮马桥,490,1977年,二三环之间
晨光家园B区,朝阳,十里堡,石佛营路,6号线,十里堡,314,1999年,四五环之间
光华西里,朝阳,国贸,东大桥路,1号线,永安里,280,2000年,二三环之间
润民柳芳居,朝阳,左家庄,左家庄前街2号,13号线,柳芳,895,2003年,二三环之间
红松园,朝阳,东坝,东坝中路,13号线,柳芳,895,1985年,五六环之间
天天朝阳,朝阳,甘露园,甘露园西里8号,6号线,十里堡,904,2005年,四五环之间
东大桥斜街小区,朝阳,东大桥,东大桥斜街,6号线,东大桥,381,1980年,二三环之间
四季世家,朝阳,燕莎,亮马桥路48号,10号线,亮马桥,452,2008年,三四环之间
九号公寓,朝阳,朝阳公园,朝阳公园路9号,14号线(东),枣营,537,2010年,三四环之间
安苑东里一区,朝阳,惠新里,小关北里45号,5号线,惠新西街北口,562,1986年,三四环之间
建国公寓,朝阳,建外大街,建国里二巷94号,2号线,建国门,572,2001年,二三环之间
胜古馨园,朝阳,安贞,胜古中路,5号线,和平西桥,595,2003年,三四环之间
西大望路12号院,朝阳,大望路,西大望路12号,1号线,大望路,374,2000年,三四环之间
望京西园二区,朝阳,望京,宏昌路,15号线,望京,691,1999年,四五环之间
迪阳公寓,朝阳,朝外大街,芳草地西街,6号线,东大桥,654,1997年,二三环之间
望花路东里,朝阳,花家地,望花路,14号线(东),阜通,399,1983年,四五环之间
西军庄,朝阳,管庄,朝阳路,八通线,管庄,997,2000年,五六环之间
酒仙桥十二街坊,朝阳,酒仙桥,酒仙桥南路,14号线(东),东风北桥,669,2015年,四五环之间
农展南里社区,朝阳,团结湖,农展馆南路,10号线,团结湖,311,1980年,三四环之间
通惠家园惠泽园,朝阳,四惠,建国路,1号线,四惠,566,2002年,四五环之间
和平街(八区),朝阳,和平街,和平西街,5号线,和平里北街,549,1980年,二三环之间
富丽华园,朝阳,燕莎,麦子店街40号,10号线,亮马桥,552,2001年,三四环之间
宝石花苑,朝阳,亚运村,北苑路,15号线,关庄,502,2000年,四五环之间
力源里小区,朝阳,四惠,东四环中路,八通线,四惠,293,1996年,四五环之间
青年沟路23号院,朝阳,和平街,青年沟23号,5号线,和平里北街,510,2001年,二三环之间
宏大家园,朝阳,小红门,成寿寺路149号,10号线,成寿寺,669,2001年,三四环之间
林萃路10号院,朝阳,北沙滩,林萃路10号,15号线,北沙滩,1094,1996年,四五环之间
天泰新房苑,朝阳,双桥,北花园街8号,八通线,传媒大学,1075,2009年,五六环之间
北沙滩6号院,朝阳,北沙滩,北沙滩路6号,15号线,北沙滩,546,1990年,四五环之间
清境明湖,朝阳,朝阳公园,朝阳公园西路5号,14号线(东),枣营,360,1997年,三四环之间
怡馨园,朝阳,双井,广渠门外大街,10号线,双井,466,2002年,二三环之间
小陈各庄,朝阳,酒仙桥,酒仙桥路,14号线(东),将台,99,2015年,四五环之间
金蝉里,朝阳,欢乐谷,垡头西街,7号线,欢乐谷景区,729,2000年,四五环之间
丽苑小区,朝阳,来广营,香江北路,15号线,马泉营,642,2004年,五六环之间
甘露西园,朝阳,十里堡,青年路,1号线,四惠东,948,2005年,四五环之间
朝阳公园西里(北区),朝阳,朝阳公园,朝阳公园西路,14号线(东),枣营,462,1993年,三四环之间
天泰定福苑,朝阳,定福庄,定福庄北街,6号线,褡裢坡,640,2004年,五六环之间
扬州水乡(别墅),朝阳,豆各庄,郎辛庄北路58号,7号线,焦化厂,2790,2001年,五六环之间
太利花园,朝阳,大山子,和平路一号,15号线,马泉营,2254,1999年,五六环之间
丽都职工宿舍,朝阳,酒仙桥,芳园南里43号,14号线(东),将台,782,1988年,四五环之间
远洋LAVIE,朝阳,大山子,"康营东路,近机场高速",15号线,孙河,1912,2008年,五六环之间
团结湖中路北社区,朝阳,团结湖,团结湖路,10号线,呼家楼,678,1982年,三四环之间
惠新南里5号院,朝阳,惠新里,惠新南里5号,10号线,惠新西街南口,280,1983年,三四环之间
安苑里,朝阳,惠新里,安定路21号,10号线,安贞门,546,1983年,三四环之间
维多莉亚花园公寓,朝阳,朝阳公园,碧湖居南路,14号线(东),枣营,656,2006年,三四环之间
燕翔东里,朝阳,首都机场,机场南路,机场线,T3航,楼站1665,1985年,五六环之间
和泰园,朝阳,太阳宫,西坝河路,10号线,太阳宫,427,2001年,三四环之间
双合小区A区(建工双合家园A区),朝阳,垡头,双合中路,7号线,双合,458,30.00,四五环之间
中水电住宅小区,朝阳,百子湾,石门东路,7号线,百子湾,422,2000年,四五环之间
惠新西街5号院,朝阳,惠新西街,惠新西街5号,5号线,惠新西街南口,235,1998年,三四环之间
干杨树甲16号院,朝阳,亚运村,北四环东路,5号线,惠新西街北口,337,2001年,四五环之间
水岸双桥,朝阳,双桥,双桥路,八通线,双桥,317,2005年,五六环之间
品元,朝阳,安贞,裕民路12号,10号线,健德门,486,1999年,三四环之间
外企公寓,朝阳,大望路,西大望路15号,14号线(东),九龙山,107,2009年,三四环之间
迎曦园,朝阳,石佛营,姚家园路,6号线,十里堡,1354,1999年,四五环之间
胜古誉园,朝阳,安贞,胜古中路甲1号,10号线,安贞门,571,2011年,三四环之间
芳园南里西区,朝阳,酒仙桥,"芳园南街,近将台西路",14号线(东),将台,688,1991年,四五环之间
嘉铭园,朝阳,亚运村小营,小营路,15号线,关庄,411,2001年,四五环之间
三间房西里小区,朝阳,定福庄,朝阳路,6号线,褡裢坡,874,1995年,五六环之间
垂杨柳东里,朝阳,劲松,垂杨柳南街,10号线,劲松,497,1986年,二三环之间
元大都,朝阳,芍药居,"北土城东路,近育慧南路",10号线,芍药居,451,2015年,三四环之间
双桥六号井小区,朝阳,双桥,温泉东里中街,八通线,管庄,2166,1998年,五六环之间
美然动力街区A3区,朝阳,定福庄,朝阳北路,6号线,褡裢坡,515,2003年,五六环之间
望京花园西区,朝阳,望京,利泽中二路,14号线(东),东湖渠,484,1998年,四五环之间
幸福公寓,朝阳,工体,工人体育场北路,2号线,东四十条,1026,1997年,二三环之间
金兴路1号院,朝阳,望京,金兴路1号,14号线(东),望京南,698,2000年,四五环之间
裕民东里,朝阳,安贞,裕民路,10号线,健德门,552,1980年,三四环之间
裕民路3号院,朝阳,安贞,裕民路3号,8号线,北土城,580,1988年,三四环之间
银湖别墅,朝阳,首都机场,首都机场路,15号线,望京东,1483,1998年,四五环之间
东方东路小区,朝阳,燕莎,东方东路5号楼,10号线,亮马桥,550,1994年,三四环之间
周井大院,朝阳,管庄,朝阳路,八通线,双桥,719,1994年,五六环之间
六里屯西里,朝阳,团结湖,姚家园路,14号线(东),朝阳公园,717,2015年,三四环之间
将府家园,朝阳,酒仙桥,将台路,14号线(东),将台,1501,2004年,四五环之间
酒仙桥三街坊,朝阳,酒仙桥,酒仙桥南路,14号线(东),将台,1303,1993年,四五环之间
利景名门,朝阳,花家地,花家地东路5号,14号线(东),望京南,483,2000年,四五环之间
新华联丽景,朝阳,十里堡,十里堡路,6号线,十里堡,307,2006年,四五环之间
团结湖中路南三条小区,朝阳,团结湖,团结湖南路,14号线(东),金台路,614,1981年,三四环之间
朝阳公园西里(南区),朝阳,朝阳公园,麦子店街,10号线,团结湖,689,2015年,三四环之间
南平东里,朝阳,首都机场,南平街,机场线,T3航,楼站1700,1996年,五六环之间
双桥温泉东里小区(北区),朝阳,双桥,双桥东路,八通线,八里桥,2052,2001年,五六环之间
黄金苑,朝阳,北苑,北苑路5号,5号线,立水桥南,124,1999年,五六环之间
东土城路13号院,朝阳,柳芳,东土城路13号,13号线,柳芳,674,2015年,二三环之间
东土城路1号院,朝阳,柳芳,东土城路1号,13号线,柳芳,136,1995年,二三环之间
北桃园,朝阳,芍药居,高原街,5号线,惠新西街北口,1006,2015年,三四环之间
小关东里8号院,朝阳,小关,北土城东路,10号线,惠新西街南口,379,1997年,三四环之间
安慧里(五区),朝阳,亚运村,惠新西街,5号线,惠新西街北口,328,1990年,四五环之间
东架松,朝阳,潘家园,华威路,10号线,潘家园,411,1981年,二三环之间
紫庐,朝阳,北苑,北苑路甲76号,15号线,关庄,1626,2005年,四五环之间
安翔南里,朝阳,健翔桥,安翔路,8号线,奥体中心,1088,2015年,四五环之间
鸿华高尔夫家园,朝阳,亚运村,北苑路甲108号,5号线,大屯路东,1533,2005年,四五环之间
伊东漪龙台,朝阳,潘家园,潘家园路,10号线,潘家园,1169,2002年,二三环之间
澳林观邸,朝阳,北沙滩,科荟路,15号线,北沙滩,1044,2008年,四五环之间
弘燕路小区,朝阳,十八里店,弘燕路10号,14号线(东),北工大西门,861,1995年,三四环之间
学士居小区,朝阳,北沙滩,科荟路,15号线,北沙滩,1055,2000年,四五环之间
特区808,朝阳,石佛营,石佛营路,6号线,十里堡,1107,2005年,四五环之间
南十里居10号院,朝阳,酒仙桥,酒仙桥路,14号线(东),东风北桥,1223,1980年,四五环之间
住邦2000,朝阳,慈云寺,朝阳路,八通线,四惠,644,2003年,四五环之间
滨河1号小区,朝阳,酒仙桥,将台东路,14号线(东),将台,1334,2009年,四五环之间
东旭公寓,朝阳,管庄,双桥东路18号,八通线,果园,2974,1996年,五六环之间
芍药居4号院,朝阳,芍药居,文学馆路,13号线,芍药居,724,1998年,三四环之间
高杨树北里,朝阳,东坝,驹子房路,6号线,褡裢坡,2968,2004年,五六环之间
广馨居,朝阳,双井,广渠门外大街,7号线,广渠门外,378,2000年,二三环之间
市场街小区,朝阳,建外大街,朝外南大街19号,2号线,朝阳门,828,2000年,二三环之间
石佛营东里128号院,朝阳,石佛营,姚家园路,6号线,十里堡,1184,2000年,四五环之间
阳光家园,朝阳,百子湾,百子湾路,7号线,化工,1451,2008年,六环以外
中纺里,朝阳,三里屯,南三里屯路,6号线,东大桥,657,2015年,二三环之间
左家庄(三区),朝阳,三元桥,香河园路,13号线,柳芳,1214,2000年,二三环之间
潘道庙小区,朝阳,大望路,平乐园100号,14号线(东),北工大西门,613,1980年,三四环之间
中水金海嘉苑,朝阳,石佛营,石佛营100号,6号线,十里堡,1546,2005年,四五环之间
北苑5号院(二区),朝阳,北苑,秋实路,5号线,北苑路北,775,2003年,五六环之间
双柳新居,朝阳,双桥,通惠河南沿河路,八通线,双桥,630,2000年,五六环之间
水碓子北里,朝阳,团结湖,甜水园街,14号线(东),金台路,545,1997年,三四环之间
里外里公寓,朝阳,望京,广顺大街,14号线(东),阜通,196,2007年,四五环之间
小关东街17号院,朝阳,小关,小关东街17号,10号线,安贞门,338,1989年,三四环之间
定福庄南里3号院,朝阳,定福庄,建国路,八通线,传媒大学,560,1980年,五六环之间
南湖西园,朝阳,望京,望京西路,15号线,望京西,597,2000年,四五环之间
望京中环南路11号院,朝阳,花家地,花家地街,14号线(东),阜通,572,1995年,四五环之间
安和家园,朝阳,安贞,和平西街,5号线,和平西桥,216,1999年,二三环之间
黎明新座,朝阳,石佛营,石佛营西里3号,6号线,十里堡,1171,2000年,四五环之间
北辰福第(中区),朝阳,常营,常营北小街2号,6号线,常营,476,2008年,五六环之间
花虎沟9号院,朝阳,北沙滩,京藏高速路,8号线,林萃桥,1139,1996年,四五环之间
锦绣园公寓,朝阳,工体,幸福村中路,机场线,东直门,1075,1999年,二三环之间
珠江帝景(C区),朝阳,双井,黄辛庄路,7号线,大郊亭,508,2000年,三四环之间
碧水星阁,朝阳,十里堡,朝阳北路,6号线,十里堡,375,2004年,四五环之间
CBD总部公寓I(一期),朝阳,双井,光华北一街,7号线,广渠门外,535,2004年,二三环之间
羊坊2号院,朝阳,北苑,北苑路,5号线,北苑路北,472,2002年,五六环之间
永安南里小区,朝阳,建外大街,建华南路,1号线,永安里,639,2015年,二三环之间
泰福苑二区,朝阳,定福庄,朝阳北路,6号线,黄渠,633,2004年,五六环之间
外馆东街50号院,朝阳,安贞,外馆东街50号,8号线,安德里北街,879,1983年,二三环之间
甜水园西里,朝阳,团结湖,甜水园街,14号线(东),金台路,516,1996年,三四环之间
亮马桥路9号院,朝阳,酒仙桥,亮马桥路9号,14号线(东),东风北桥,351,1993年,四五环之间
光华欣居,朝阳,国贸,光华路6号,14号线(东),大望路,602,1986年,三四环之间
金兴路2号院,朝阳,望京,金兴路2号,14号线(东),阜通,626,2000年,四五环之间
大山子西里,朝阳,大山子,万红西街,14号线(东),望京南,464,1990年,四五环之间
惠新西里(一区),朝阳,惠新里,惠新北街,10号线,惠新西街南口,612,1989年,三四环之间
酒仙桥四街坊,朝阳,酒仙桥,酒仙桥路,14号线(东),东风北桥,1121,2000年,四五环之间
劲松嘉园,朝阳,劲松,劲松路,7号线,广渠门外,921,1997年,二三环之间
胜古东里,朝阳,惠新西街,北京市朝阳区北三环东路,5号线,和平西桥,538,2015年,三四环之间
首开国风北京,朝阳,望京,望京东园607号,15号线,望京东,960,2008年,四五环之间
健翔山庄,朝阳,奥林匹克公园,华严北里甲1号,10号线,健德门,545,1999年,三四环之间
东土城路9号院,朝阳,柳芳,东土城路9号,13号线,柳芳,587,1999年,二三环之间
沿海赛洛城(南区),朝阳,百子湾,广渠东路33号,7号线,百子湾,795,2007年,四五环之间
悠唐麒麟公馆,朝阳,朝外大街,"三丰路,近外交部南街",2号线,朝阳门,523,2008年,二三环之间
酒仙桥村,朝阳,将台路,酒仙桥路,14号线(东),将台,410,2015年,四五环之间
定福家园南里2号院,朝阳,定福庄,朝阳北路,6号线,褡裢坡,442,2006年,五六环之间
柳芳北街9号院,朝阳,柳芳,柳芳北街9号,13号线,柳芳,254,1998年,二三环之间
荧屏里,朝阳,大山子,酒仙桥北路,14号线(东),望京南,902,2000年,四五环之间
建国路100号小区,朝阳,国贸,建国路100号,10号线,国贸,507,1985年,三四环之间
酒仙桥七街坊,朝阳,酒仙桥,酒仙桥路,14号线(东),东风北桥,796,2015年,四五环之间
安苑东里(三区),朝阳,惠新西街,安苑路,5号线,惠新西街北口,364,2015年,三四环之间
左家庄西街5号院,朝阳,左家庄,左家庄西街1号,13号线,东直门,925,1998年,二三环之间
广泉小区,朝阳,双井,广渠门外大街甲28号,7号线,广渠门外,360,1998年,二三环之间
佳境天城,朝阳,望京,望京中环南路甲2号,14号线(东),望京南,654,2001年,四五环之间
高碑店村5号院,朝阳,高碑店,惠河南街,八通线,高碑店,385,2002年,四五环之间
华严里2号院,朝阳,亚运村,祁家豁子街175号,10号线,健德门,407,2015年,三四环之间
望京中环南路3号院,朝阳,花家地,花家地街,14号线(东),望京南,547,1989年,四五环之间
大旸楼,朝阳,双井,西大望路33号,7号线,九龙山,265,2005年,三四环之间
上河鹂岛,高新区,石桥铺,飞云中街6号,7号线,九龙山,265,30.00,公寓
东三里屯社区,朝阳,三里屯,工人体育场北路,10号线,团结湖,469,1965年,二三环之间
齐家园外交公寓,朝阳,建外大街,建外大街9号,1号线,永安里,460,1965年,二三环之间
百子湾家园(B区),朝阳,百子湾,百子湾路,八通线,四惠东,1011,2003年,四五环之间
定福庄北里1号院,朝阳,定福庄,定福庄路,6号线,褡裢坡,740,2000年,五六环之间
普乐门公寓,朝阳,四惠,陈家林甲2号,1号线,四惠东,667,2011年,四五环之间
朝阳公园西路7号院,朝阳,朝阳公园,朝阳公园西路7号,14号线(东),枣营,293,2006年,三四环之间
光华路小区,朝阳,国贸,光华路北2号,10号线,金台夕照,637,1990年,三四环之间
嘉铭桐城(C区),朝阳,亚运村小营,北苑路86号,15号线,大屯路东,602,2003年,四五环之间
高杨树南里,朝阳,东坝,富东家园路,6号线,褡裢坡,2848,1986年,五六环之间
建研院,朝阳,和平街,小黄庄路9号,5号线,和平西桥,388,2000年,二三环之间
和平里北街甲5号院,朝阳,和平街,和平里北街甲5号,13号线,柳芳,256,1981年,二三环之间
工体南路小区,朝阳,工体,工人体育场南路,6号线,东大桥,531,1988年,二三环之间
左家庄西街1号院,朝阳,国展,左家庄西街1号,13号线,柳芳,979,2015年,二三环之间
惠安轩,朝阳,惠新西街,安苑路甲17号,5号线,惠新西街北口,484,2000年,三四环之间
美丽亚洲假日花园,朝阳,高碑店,兴隆西街8号,八通线,高碑店,661,1999年,四五环之间
中纺东里,朝阳,三里屯,白家庄路,10号线,团结湖,688,2000年,二三环之间
北湖渠村578号院,朝阳,望京,北湖渠578号,15号线,望京西,1520,2000年,四五环之间
新街大院,朝阳,国贸,朝阳路,10号线,金台夕照,593,1991年,三四环之间
环卫家园,朝阳,石佛营,石佛营路,6号线,十里堡,687,2000年,四五环之间
晨光家园C区,朝阳,石佛营,朝阳北路,6号线,十里堡,610,1999年,四五环之间
双花园小区,朝阳,双井,东三环中路辅路,1号线,国贸,734,2000年,二三环之间
大羊坊甲4号院,朝阳,北苑,北苑路,5号线,立水桥南,608,1995年,五六环之间
立水桥北里,朝阳,北苑,立汤路,13号线,立水桥,117,2000年,五六环之间
育慧里一区,朝阳,亚运村小营,育慧北路,5号线,惠新西街北口,1154,1994年,四五环之间
民族园9号院,朝阳,亚运村,民族园9号,8号线,奥体中心,468,1999年,三四环之间
惠新北里2号院,朝阳,惠新里,安苑路,5号线,惠新西街北口,573,1982年,三四环之间
朝新嘉园东里三区,朝阳,东坝,驹子房路,6号线,褡裢坡,2542,2006年,五六环之间
金茂公寓,朝阳,国贸,光华路,1号线,永安里,617,1997年,二三环之间
融科橄榄城(三期),朝阳,望京,阜安东路,15号线,望京东,778,2006年,四五环之间
中环南路5号院,朝阳,花家地,花家地街,14号线(东),望京南,496,1993年,四五环之间
高原街7号院,朝阳,芍药居,高原街7号,5号线,惠新西街北口,845,2015年,三四环之间
东草园五巷小区,朝阳,工体,工人体育场南路,6号线,东大桥,425,1999年,二三环之间
马泉营(一区),朝阳,来广营,香江北路,15号线,马泉营,888,2007年,五六环之间
世纪东方嘉园(南区),朝阳,欢乐谷,大柳树路,7号线,南楼梓庄,616,2000年,四五环之间
马泉营(三区),朝阳,来广营,香江北路,15号线,马泉营,591,2015年,五六环之间
市政物业小区,朝阳,亚运村小营,北苑路,5号线,惠新西街北口,470,2002年,四五环之间
联宝公寓,朝阳,工体,幸福村中路,2号线,东四十条,967,2015年,二三环之间
团结湖水利局宿舍,朝阳,团结湖,农展馆南路,14号线(东),朝阳公园,684,1995年,三四环之间
静安苑,朝阳,左家庄,香河园路,13号线,柳芳,1221,2001年,二三环之间
道家村,朝阳,团结湖,甜水园东街,6号线,金台路,617,1993年,三四环之间
成苑公寓,朝阳,朝阳公园,朝阳公园路,14号线(东),枣营,317,1994年,三四环之间
定福庄西里1号院,朝阳,定福庄,定中街,八通线,传媒大学,876,1987年,五六环之间
西大望路北小区,朝阳,双井,西大望路,1号线,大望路,765,2012年,二三环之间
顺景园,朝阳,望京,北四环东路2号,10号线,太阳宫,1313,2008年,三四环之间
京通苑阳光华苑,朝阳,管庄,朝阳路,八通线,管庄,635,2003年,五六环之间
黄寺大街28号院,朝阳,安贞,黄寺大街28号,8号线,安德里北街,701,1992年,二三环之间
西八间房北里,朝阳,花家地,望花路,14号线(东),阜通,524,1992年,四五环之间
定福庄东街小区,朝阳,定福庄,定福庄东街,八通线,传媒大学,124,2000年,五六环之间
康斯丹郡,朝阳,亚运村,北苑路78号,5号线,大屯路东,1330,2004年,四五环之间
丽东国际公寓,朝阳,酒仙桥,芳园西路7号,14号线(东),将台,763,2000年,四五环之间
长安花园,朝阳,望京,金兴路6号,14号线(东),望京南,593,1990年,四五环之间
晨曦园,朝阳,八里庄,八里庄路,6号线,十里堡,867,2000年,四五环之间
北沙滩4号院,朝阳,北沙滩,北沙滩路4号,15号线,北沙滩,410,1988年,四五环之间
管庄新村D区,朝阳,管庄,双桥东路,八通线,管庄,803,2010年,五六环之间
紫南家园(南区),朝阳,欢乐谷,大柳树路,7号线,南楼梓庄,288,2015年,四五环之间
广和东里,朝阳,双井,广和东里中街,7号线,广渠门外,519,1978年,二三环之间
麦子店街小区,朝阳,朝阳公园,麦子店街3号,14号线(东),枣营,544,2015年,三四环之间
育慧北里,朝阳,亚运村小营,小营东路,15号线,关庄,655,1990年,四五环之间
北四环中路33号院,朝阳,亚运村,北四环中路33号,8号线,奥体中心,740,1997年,四五环之间
三全公寓,朝阳,燕莎,麦子店街38号,10号线,亮马桥,474,1997年,三四环之间
惠新东街14号院,朝阳,芍药居,惠新东街14号,10号线,惠新西街南口,676,1990年,三四环之间
美然动力街区A2区,朝阳,定福庄,朝阳北路,6号线,褡裢坡,442,2003年,五六环之间
豪威嘉园,朝阳,和平街,和平西街,5号线,和平西桥,411,2015年,二三环之间
安得公寓,朝阳,垡头,武基路,7号线,双合,1831,2015年,四五环之间
垂杨柳中里,朝阳,双井,垂杨柳南街,10号线,劲松,598,1976年,二三环之间
龙欣苑,朝阳,北沙滩,科萃路,15号线,北沙滩,846,2000年,四五环之间
复地首府,朝阳,大望路,西大望路甲20号,7号线,九龙山,259,2008年,三四环之间
蕴实园,朝阳,北苑,红军营东路,13号线,北苑,592,2007年,五六环之间
城锦苑,朝阳,北苑,双营路6号,5号线,北苑路北,829,2014年,五六环之间
北苑村,朝阳,北苑,北苑中街,5号线,北苑路北,924,2015年,五六环之间
君堂好园,朝阳,十八里店,大羊坊路,7号线,欢乐谷景区,2573,2015年,四五环之间
西大望路65号院,朝阳,双井,西大望路65号,7号线,九龙山,848,1999年,三四环之间
酒仙桥路7号院,朝阳,大山子,酒仙桥路,14号线(东),望京南,601,1982年,四五环之间
惠新南里2号院,朝阳,芍药居,惠新北街,10号线,惠新西街南口,561,1991年,三四环之间
光华东里,朝阳,国贸,金桐东路,1号线,国贸,484,1998年,二三环之间
方家村小区,朝阳,百子湾,广渠路甲1号,7号线,化工,1441,1998年,四五环之间
瑞福苑,朝阳,左家庄,左家庄东街,13号线,柳芳,1077,2002年,二三环之间
三间房南里,朝阳,双桥,朝阳路,八通线,双桥,775,1958年,五六环之间
广渠路46号小区,朝阳,双井,广渠路46号,10号线,双井,221,2008年,三四环之间
夏都家园,朝阳,望京,广顺北大街31号,15号线,望京,331,2003年,四五环之间
静安西街6号院,朝阳,国展,静安西街6号,10号线,三元桥,858,1996年,二三环之间
南沙滩和谐小区,朝阳,南沙滩,京藏高速,15号线,北沙滩,375,20.00,四五环之间
南湖渠三巷6号院,朝阳,望京,南湖渠三巷6号,15号线,望京西,743,2015年,四五环之间
双泉堡甲2号院,朝阳,北沙滩,双泉堡甲2号,15号线,北沙滩,650,1986年,四五环之间
核桃园北里,朝阳,东大桥,中纺街28号,6号线,东大桥,477,1981年,二三环之间
华凯苑别墅,朝阳,十八里店,老君堂村甲6号,7号线,双合,2664,2007年,四五环之间
鼓楼外大街3号小区,朝阳,安贞,鼓楼外大街3号,8号线,北土城,326,1990年,三四环之间
花虎沟11号院,朝阳,北沙滩,域清街,8号线,林萃桥,913,1990年,四五环之间
石佛营西里小区,朝阳,朝阳公园,姚家园路,6号线,十里堡,1164,2015年,四五环之间
兴化路2号院,朝阳,和平街,兴化路2号,5号线,和平里北街,628,2015年,二三环之间
西大望路甲27号院,朝阳,大望路,西大望路甲27号,14号线(东),北工大西门,1009,1987年,三四环之间
水磨石厂宿舍,朝阳,四惠,百子湾路,1号线,四惠东,986,2000年,四五环之间
酒仙桥二街坊,朝阳,酒仙桥,酒仙侨南路,14号线(东),将台,922,2000年,四五环之间
静安庄,朝阳,三元桥,北三环东路,10号线,三元桥,845,2015年,二三环之间
外国专家公寓,朝阳,健翔桥,华严北里8号,8号线,奥体中心,932,2003年,三四环之间
金台西路2号院,朝阳,呼家楼,金台西路2号,6号线,金台路,333,1958年,三四环之间
左家庄(六区),朝阳,国展,左家庄东街,10号线,三元桥,863,1990年,二三环之间
柴家湾,朝阳,红庙,朝阳路,1号线,大望路,937,1998年,三四环之间
广渠路48号院,朝阳,双井,广渠路48号,10号线,双井,154,2000年,三四环之间
巢东家园,朝阳,来广营,来广营北苑东路,13号线,北苑,1717,2015年,五六环之间
垡头东里,朝阳,垡头,垡头东路,7号线,双合,741,1998年,四五环之间
中海城风情苑(北区),朝阳,小红门,成寿寺路136号,10号线,成寿寺,155,2007年,三四环之间
福怡苑小区(南区),朝阳,定福庄,定福庄北街,6号线,褡裢坡,893,1998年,五六环之间
潘家园路9号院,朝阳,潘家园,潘家园路9号,10号线,潘家园,806,2015年,二三环之间
京烟宿舍小区,朝阳,定福庄,朝阳路,八通线,双桥,653,1985年,五六环之间
沁园,朝阳,管庄,东十里堡路5号,6号线,常营,759,2000年,五六环之间
旭风苑,朝阳,芍药居,文学馆路,13号线,芍药居,687,2002年,三四环之间
左家庄甲12号院,朝阳,左家庄,香河园路,13号线,柳芳,1247,1984年,二三环之间
惠馨国际公寓,朝阳,八里庄,建国路,1号线,四惠东,740,1984年,四五环之间
花北西社区,朝阳,定福庄,朝阳路,八通线,传媒大学,932,1998年,五六环之间
管庄西里北内小区,朝阳,管庄,管庄路,八通线,管庄,1022,1998年,五六环之间
东直门外斜街8号院,朝阳,三里屯,东直门外斜街8号,13号线,东直门,798,1988年,二三环之间
华威南路小区,朝阳,潘家园,华威南路4号,14号线(东),十里河,533,1995年,二三环之间
酒仙桥八街坊,朝阳,酒仙桥,酒仙桥南路,14号线(东),东风北桥,888,2000年,四五环之间
酒仙桥六街坊,朝阳,酒仙桥,酒仙桥路,14号线(东),将台,692,1980年,四五环之间
煤科院南小区,朝阳,国展,青年沟路,13号线,柳芳,584,1990年,二三环之间
枣营西里,朝阳,团结湖,麦子店街,14号线(东),枣营,482,1992年,三四环之间
日坛北路2号院,朝阳,建外大街,日坛北路2号,6号线,东大桥,683,1986年,二三环之间
皇石国际公寓,朝阳,国展,朝阳公园路,14号线(东),枣营,434,2004年,三四环之间
吉庆里小区(东区),朝阳,朝外大街,朝外大街,2号线,朝阳门,694,2000年,二三环之间
东盈苑,朝阳,劲松,大羊坊路79号,10号线,十里河,960,2002年,三四环之间
来春园,朝阳,北苑,广来路,13号线,北苑,663,2003年,五六环之间
花虎沟2号院,朝阳,奥林匹克公园,京藏高速路,15号线,北沙滩,1244,1988年,四五环之间
酒仙桥五街坊,朝阳,酒仙桥,酒仙桥南路,14号线(东),将台,1043,2001年,四五环之间
国贸世纪公寓,朝阳,双井,广渠门外大街18号,10号线,双井,330,1999年,二三环之间
双桥铁路小区(北一区),朝阳,管庄,双桥路,八通线,双桥,980,1998年,五六环之间
朝外化石营小区,朝阳,呼家楼,朝外化石营1号,6号线,东大桥,206,2001年,二三环之间
将台路小区,朝阳,酒仙桥,将台路2号,14号线(东),将台,317,2001年,四五环之间
首都机场公寓,朝阳,首都机场,航安路,机场线,T2航,楼站2197,2003年,五六环之间
凌云名苑,朝阳,奥林匹克公园,华严北里46号,8号线,奥体中心,659,2013年,三四环之间
儒林苑,朝阳,三里屯,三源里北小街16-18号,10号线,三元桥,699,2003年,二三环之间
社科院太阳宫小区,朝阳,西坝河,西坝河路,10号线,太阳宫,488,1998年,三四环之间
白家楼,朝阳,高碑店,平房路,6号线,褡裢坡,1499,1997年,五六环之间
月河小区,朝阳,建外大街,月河1号,2号线,建国门,362,2002年,二三环之间
和平西街1号院,朝阳,和平街,和平西街,5号线,和平西桥,114,1995年,二三环之间
东直门外大街32号小区,朝阳,三里屯,东直门外大街32号,机场线,东直门,846,1988年,二三环之间
建东苑(东区),朝阳,管庄,管庄路,八通线,双桥,953,2003年,五六环之间
林萃西里,朝阳,北沙滩,林萃西里二号路,15号线,北沙滩,1123,2004年,四五环之间
惠新南里1号院,朝阳,惠新里,惠新东街,10号线,惠新西街南口,529,1989年,三四环之间
慧德苑,朝阳,亚运村,科荟路,15号线,安立路,719,2000年,四五环之间
育慧街2号院,朝阳,芍药居,育慧街,5号线,惠新西街北口,897,1988年,三四环之间
双旭花园,朝阳,管庄,双桥西路,5号线,惠新西街北口,897,1996年,五六环之间
东土城路7号院,朝阳,柳芳,东土城路7号,13号线,柳芳,311,1992年,二三环之间
上苑公寓,朝阳,十八里店,滨河路3号,亦庄线,亦庄文化园,2335,1992年,四五环之间
广渠门外大街小区,朝阳,双井,广渠门外大街,7号线,广渠门外,488,2001年,二三环之间
南三里屯小区,朝阳,三里屯,工体北路,10号线,团结湖,790,1994年,二三环之间
安慧东里1号院,朝阳,安慧桥,小营西路,5号线,惠新西街北口,722,1995年,四五环之间
南太平庄北巷小区,朝阳,高碑店,朝阳路,八通线,高碑店,1081,1980年,四五环之间
双泉堡甲1号院,朝阳,北沙滩,北沙滩路,15号线,北沙滩,509,1998年,四五环之间
石油冶金家属院,朝阳,安贞,胜古中路,10号线,安贞门,612,1996年,三四环之间
平乐园10号院,朝阳,劲松,西大望路,7号线,九龙山,573,1996年,三四环之间
甜水园西街小区,朝阳,团结湖,甜水园街,14号线(东),金台路,438,1999年,三四环之间
酒仙桥南路4号院,朝阳,酒仙桥,酒仙桥南路4号,14号线(东),将台,1338,2002年,四五环之间
太和小区,朝阳,亚运村,小营路,15号线,关庄,726,1995年,四五环之间
润枫水尚(东区),朝阳,朝青板块,青年路,6号线,青年路,477,2007年,四五环之间
北辰福第(北区),朝阳,常营,常营北小街1号,6号线,常营,717,2009年,五六环之间
垡头南里,朝阳,垡头,垡头东路,7号线,双合,1244,1982年,四五环之间
光明公寓,朝阳,朝阳公园,亮马桥路42号,10号线,亮马桥,706,2015年,三四环之间
甜水西园,朝阳,团结湖,甜水园街,14号线(东),金台路,319,1999年,三四环之间
圣馨家园,朝阳,太阳宫,太阳宫南街,13号线,芍药居,433,2010年,三四环之间
城市绿洲家园,朝阳,来广营,来广营西路69号,5号线,北苑路北,1334,2004年,五六环之间
胜古中路2号院,朝阳,安贞,胜古中路2号,10号线,惠新西街南口,526,1981年,三四环之间
万红里甲31号院,朝阳,酒仙桥,万红路,14号线(东),将台,1199,1995年,四五环之间
甘露园西里,朝阳,甘露园,朝阳路,1号线,四惠东,987,1975年,四五环之间
定福花园,朝阳,定福庄,定福庄路,6号线,褡裢坡,655,2001年,五六环之间
京水商务公寓,朝阳,团结湖,东三环北路,10号线,呼家楼,330,1997年,二三环之间
畅园(星河湾),朝阳,朝青板块,四季星河中街2号,6号线,青年路,610,2007年,四五环之间
北苑1号院,朝阳,北苑,北苑路1号,5号线,北苑路北,620,1990年,五六环之间
育慧南路小区,朝阳,亚运村,育慧南路,5号线,惠新西街北口,1094,1998年,三四环之间
朝阳门北大街14号小区,朝阳,朝外大街,朝阳门北大街14号,2号线,朝阳门,349,1998年,二三环之间
上东别墅玉林山水花园,朝阳,首都机场,东苇路,15号线,孙河,763,2008年,五六环之间
管庄小区,朝阳,管庄,管庄路,八通线,管庄,1002,2015年,五六环之间
垂杨柳南里,朝阳,双井,垂杨柳南街8号,10号线,劲松,622,1986年,二三环之间
捷强花园,朝阳,十八里店,老君堂村中路,7号线,双合,2520,2000年,四五环之间
地汇华商国际公寓,朝阳,来广营,望京北路,15号线,望京东,979,2009年,四五环之间
八里桥南院,朝阳,双桥,建国路,八通线,八里桥,199,2003年,五六环之间
四路通住宅小区,朝阳,常营,弘燕东路,14号线(东),北工大西门,1193,2005年,三四环之间
工体西路5号小区,朝阳,工体,工体西路5号,2号线,朝阳门,739,1985年,二三环之间
福临家园,朝阳,朝青板块,黄杉木店路,6号线,青年路,1925,2007年,二三环之间
定福庄南里7号院,朝阳,定福庄,建国路,八通线,传媒大学,566,1990年,五六环之间
东土城路3号院,朝阳,和平街,东土城路3号,13号线,柳芳,131,2000年,二三环之间
龙阁,朝阳,朝阳公园,朝阳公园西路13号,14号线(东),枣营,190,2004年,三四环之间
东直门外大街34号小区,朝阳,三里屯,东直门外大街34号,机场线,东直门,791,1988年,二三环之间
方丹苑,朝阳,劲松,劲松七区29号,10号线,潘家园,1091,2002年,二三环之间
丽都东镇,朝阳,酒仙桥,骆房营路,14号线(东),将台,1372,2009年,四五环之间
慧忠里小区(B区),朝阳,亚运村,安立路,15号线,安立路,239,1998年,四五环之间
三里屯外交公寓,朝阳,三里屯,工体北路,10号线,团结湖,330,30.00,二三环之间
北京华侨城2号院,朝阳,垡头,金蝉北路,7号线,欢乐谷景区,295,2006年,四五环之间
FESCO国际公寓,朝阳,双井,广渠门31号,14号线(东),九龙山,85,2005年,三四环之间
华侨村,朝阳,建外大街,建国门外大街24号,2号线,建国门,383,1987年,二三环之间
砖厂胡同小区,朝阳,建外大街,砖厂胡同,1号线,永安里,582,2001年,二三环之间
东风时代,朝阳,四惠,京通快速路,1号线,四惠,542,2003年,四五环之间
纽约豪园,朝阳,国贸,朝阳路,10号线,金台夕照,811,2000年,三四环之间
新派公寓,朝阳,国贸,百子湾路40号,10号线,双井,790,20.00,三四环之间
针织小区,朝阳,团结湖,甜水园西街,14号线(东),朝阳公园,413,30.00,三四环之间
富力山,朝阳,双井,广渠门外大街7号,7号线,广渠门外,137,2005年,二三环之间
国航宿舍,朝阳,芍药居,"芍药居北里313,314号",10号线,芍药居,924,1995年,三四环之间
少角村142号院,朝阳,十八里店,少角村142号,10号线,成寿寺,878,2000年,三四环之间
外馆斜街6号院,朝阳,安贞,外馆斜街6号,8号线,安德里北街,811,2000年,二三环之间
小营西路1号院,朝阳,亚运村小营,小营西路,5号线,惠新西街北口,792,1998年,四五环之间
中国社科院宿舍,朝阳,望京,望京中环南路3号,14号线(东),望京南,571,1986年,三四环之间
汽修厂家属院,朝阳,十八里店,文化广场路,亦庄线,亦庄文化园,2460,2000年,四五环之间
惠中园小区,朝阳,惠新西街,北四环东路106号,5号线,惠新西街北口,463,1999年,三四环之间
都市经典家园,朝阳,高碑店,甘露园19号,1号线,四惠东,726,2003年,四五环之间
广和里七巷小区,朝阳,劲松,广和里七巷,7号线,广渠门外,548,1984年,二三环之间
百环花园,朝阳,潘家园,华威里南街,10号线,潘家园,256,1987年,二三环之间
东直门外大街18号小区,朝阳,三里屯,东直门外大街18号,10号线,农业展览馆,896,1976年,二三环之间
东外斜街12号小区,朝阳,CBD,东直门外东外斜街,13号线,东直门,1104,2000年,二三环之间
光熙家园,朝阳,西坝河,和平里北街,13号线,光熙门,448,2007年,二三环之间
华业玫瑰东方,朝阳,CBD,延静里中街,6号线,金台路,763,2005年,三四环之间
亮马河公寓,朝阳,朝阳公园,东三环北路8号,10号线,亮马桥,411,2006年,三四环之间
左家庄11号院,朝阳,国展,香河园北街,13号线,东直门,963,1999年,二三环之间
工体南里,朝阳,工体,工人体育场南路,6号线,东大桥,474,2008年,二三环之间
寰球之家,朝阳,安贞,樱花园西街,10号线,惠新西街南口,220,1997年,三四环之间
新源南路小区(8-12号(双号)),朝阳,三里屯,新源南路8-12号,10号线,亮马桥,925,1999年,二三环之间
紫光别墅,朝阳,十八里店,老君堂中路,7号线,双合,2448,2001年,四五环之间
中兴苑,朝阳,北苑,来广营西路,5号线,北苑路北,1021,2006年,五六环之间
金福花园,朝阳,定福庄,西长安街,6号线,褡裢坡,1003,2001年,五六环之间
东直门外大街22号小区,朝阳,三里屯,东直门外大街22号,10号线,农业展览馆,1085,1999年,二三环之间
胡姬花园,朝阳,来广营,京顺路,15号线,马泉营,1880,2015年,五六环之间
绿洲家园,朝阳,十八里店,老君堂中路,7号线,双合,2285,2015年,四五环之间
文教小区,朝阳,亚运村,定福庄北街6号,八通线,传媒大学,904,2010年,五六环之间
定福景园,朝阳,定福庄,定福庄路102号,6号线,褡裢坡,320,2006年,五六环之间
八北小区,朝阳,朝阳公园,六里屯街,6号线,十里堡,510,2001年,四五环之间
金星笔厂宿舍,朝阳,定福庄,朝阳路,八通线,传媒大学,804,2000年,二环以内
五亭桥畔月亮城,朝阳,豆各庄,姚家园路,7号线,焦化厂,2009,2015年,五六环之间
龙头公寓,朝阳,潘家园,南新园西路8号,14号线(东),十里河,654,2007年,三四环之间
晨谷花园,朝阳,酒仙桥,将台路,14号线(东),将台,1270,2015年,四五环之间
怡景溪园,朝阳,豆各庄,郎各庄西路6号,7号线,焦化厂,2721,2010年,五六环之间
白西社区,朝阳,三里屯,三里屯南路6号,10号线,团结湖,547,2000年,二三环之间
经干院宿舍,朝阳,望京,花家地街5号,14号线(东),望京南,625,2000年,四五环之间
法院宿舍,朝阳,朝阳公园,六里屯北里16号,14号线(东),朝阳公园,287,1986年,三四环之间
英郡,朝阳,朝青板块,朝阳北路52号,6号线,褡裢坡,727,2013年,五六环之间
翰林阁,朝阳,国贸,建国路乙108号,10号线,国贸,363,2015年,三四环之间
嘉林海德大道,朝阳,酒仙桥,将台西路10号,14号线(东),将台,941,2001年,四五环之间
团结湖南三条小区,朝阳,团结湖,团结湖南路,14号线(东),金台路,535,2015年,三四环之间
雅宝城国际大厦,朝阳,朝外大街,日坛北路19号,2号线,朝阳门,935,2006年,二三环之间
富力十号,朝阳,双井,天力街19号,7号线,广渠门外,656,2012年,二三环之间
美丽舍,朝阳,潘家园,华威路,10号线,潘家园,666,2002年,二三环之间
紫萝园,朝阳,石佛营,姚家园路,6号线,十里堡,1482,2000年,四五环之间
黄木厂小区,朝阳,双井,黄木厂路,10号线,双井,554,1993年,三四环之间
东直门外大街30号小区,朝阳,三里屯,东直门外大街30号,机场线,东直门,892,2000年,二三环之间
榆园小区,朝阳,朝阳周边,兴一路,机场线,东直门,892,2000年,五六环之间
小武基村自建房,朝阳,欢乐谷,东四环南路,7号线,欢乐谷景区,1575,2000年,四五环之间
横街子村自建房,朝阳,小红门,大羊坊路,7号线,欢乐谷景区,1575,2000年,四五环之间
咸宁侯村自建房,朝阳,十八里店,双桥路,10号线,分钟寺,1307,2000年,三四环之间
泓泰家园,朝阳,朝阳周边,金盏路,10号线,分钟寺,1307,2000年,五六环之间
望角家园,朝阳,来广营,东辛店中街,15号线,崔各庄,1230,2000年,五六环之间
司辛庄村自建房,朝阳,管庄,塔营北街,八通线,管庄,697,2000年,五六环之间
郁金香公寓,朝阳,朝阳公园,酒仙桥路,14号线(东),东风北桥,1188,2000年,四五环之间
白领家园,朝阳,大山子,草场地256-1号,15号线,望京东,1956,2000年,五六环之间
盛海公寓,朝阳,来广营,新勇路,14号线(东),来广营,1661,2000年,五六环之间
天宜公寓,朝阳,十八里店,老君堂村甲1号,7号线,双合,2668,2000年,四五环之间
费家村自建房,朝阳,来广营,东辛庄中街,15号线,崔各庄,1003,2000年,四五环之间
阳光公寓,朝阳,小红门,金榆路,亦庄线,亦庄文化园,2347,2000年,四五环之间
双桥中路32号院,朝阳,双桥,双桥中路32号,八通线,管庄,1967,2000年,五六环之间
双龙公寓,朝阳,管庄,京通快速路,八通线,管庄,226,2000年,五六环之间
维平公寓,朝阳,小红门,南四环东路,亦庄线,肖村,648,2000年,四五环之间
百子湾西社区,朝阳,大望路,百子湾路,1号线,四惠,860,2000年,四五环之间
紫檀万豪行政公寓,朝阳,高碑店,兴隆西街,八通线,高碑店,563,2000年,四五环之间
小红门65号院,朝阳,十八里店,小红门路,10号线,成寿寺,795,2000年,三四环之间
北京家园,朝阳,欢乐谷,化工路,7号线,双合,782,2000年,四五环之间
东八间房村临8号商业,朝阳,酒仙桥,将台东路,14号线(东),将台,2189,2000年,五六环之间
石各庄园艺场1号院商业,朝阳,定福庄,石各庄园艺场1号,6号线,褡裢坡,1386,2000年,五六环之间
垡头街道西里13号商业,朝阳,欢乐谷,垡头街道西里13号,7号线,欢乐谷景区,1039,2000年,四五环之间
南花园168号商业,朝阳,豆各庄,南花园168号,7号线,欢乐谷景区,1039,2000年,五六环之间
丽都广场商业,朝阳,大山子,将台路6号,14号线(东),望京南,883,2000年,四五环之间
劲松北社区一区东小院,朝阳,国贸,劲松路,10号线,劲松,179,2000年,二三环之间
北苑路甲78号院,朝阳,奥林匹克公园,双拥路,5号线,大屯路东,1400,2000年,四五环之间
百顺家园,朝阳,朝阳周边,南皋路,15号线,望京东,2772,2000年,五六环之间
奶东村自建房,朝阳,来广营,顺白路297号,14号线(东),善各庄,1560,2000年,五六环之间
曙光里1号院,朝阳,国展,曙光里1号,机场线,三元桥,383,2000年,三四环之间
深沟村自建房,朝阳,大望路,南四环中路辅路,八通线,四惠,924,2000年,四五环之间
高碑店南甲29号院,朝阳,高碑店,高碑店南甲29号,八通线,高碑店,1030,2000年,四五环之间
福盈家园3号院,朝阳,定福庄,朝阳北路,6号线,褡裢坡,511,2000年,五六环之间
奥北家园,朝阳,奥林匹克公园,北苑路,5号线,北苑路北,1404,2000年,四五环之间
高碑店路1438号院,朝阳,高碑店,高碑店路1438号,八通线,高碑店,1232,2000年,四五环之间
易心堂文创园,朝阳,豆各庄,黄厂路1号,7号线,焦化厂,1922,2000年,五六环之间
亚太大厦,朝阳,国贸,雅宝路8号,2号线,建国门,699,2000年,二三环之间
辉盛阁国际公寓,朝阳,国贸,金桐西路12号,10号线,金台夕照,696,2000年,二三环之间
金海商富中心,朝阳,大望路,广渠路21号,7号线,百子湾,261,2000年,四五环之间
京广中心,朝阳,国贸,朝阳门外大街1号,6号线,呼家楼,316,2000年,二三环之间
第三置业,朝阳,国展,北三环东路,10号线,三元桥,475,2000年,三四环之间
华腾北搪商务大厦,朝阳,CBD,南磨房路37号,10号线,劲松,501,2000年,二三环之间
尚都国际中心,朝阳,国贸,东大桥路8号,6号线,东大桥,360,2000年,二三环之间
北京国际中心,朝阳,国贸,东三环北路,6号线,呼家楼,252,2000年,三四环之间
龙宝大厦,朝阳,朝阳公园,麦子店街36号,10号线,亮马桥,547,2000年,三四环之间
郭家场村自建房,朝阳,管庄,双桥东路,八通线,八里桥,1815,2000年,五六环之间
建木小区,朝阳,国贸,广渠门外大街15号,7号线,广渠门外,331,2000年,三四环之间
小黄庄1.2.3.4号楼,朝阳,国展,小黄庄1-4号,5号线,和平里北街,474,2000年,二三环之间
光华路北123号院,朝阳,CBD,光华路北123号,10号线,金台夕照,704,2000年,三四环之间
中纺里34号院,朝阳,工体,中纺里34号,6号线,东大桥,523,2000年,二三环之间
希乐瑞居,朝阳,定福庄,朝阳路,八通线,双桥,661,2000年,五六环之间
楼台村自建房,朝阳,朝阳周边,李天路,机场线,T3航,楼站2620,2000年,五六环之间
横街子村自建房,朝阳,小红门,滨河路,亦庄线,亦庄文化园,2142,2000年,五六环之间
广华新城,朝阳,大望路,广渠路,7号线,百子湾,152,2000年,四五环之间
草场地村自建房,朝阳,大山子,彩虹路,15号线,望京东,1695,2000年,五六环之间
何各庄村自建房,朝阳,孙河,顺白路,15号线,马泉营,831,2000年,五六环之间
塑料三厂职工宿舍,朝阳,朝阳周边,南皋路,15号线,望京东,2784,2000年,五六环之间
北京画院宿舍,朝阳,农业展览馆,朝阳公园南路,14号线(东),朝阳公园,458,2000年,三四环之间
奶东村自建房,朝阳,来广营,顺白路,14号线(东),善各庄,1542,2000年,五六环之间
宏昌竣公寓,朝阳,来广营,来广营东路,14号线(东),善各庄,556,2000年,五六环之间
皮村自建房,朝阳,东坝,徐尹路,14号线(东),善各庄,556,2000年,五六环之间
东辛店中街257号院,朝阳,大山子,东辛店村257号,15号线,望京东,1587,2000年,五六环之间
十里河村自建房,朝阳,十里河,东三环南路,14号线(东),十里河,346,2000年,二三环之间
朝青汇,朝阳,甘露园,兴隆西街2号,八通线,高碑店,861,2000年,四五环之间
外运三间房家属院,朝阳,定福庄,三间房东路,6号线,黄渠,510,2000年,五六环之间
三里屯南42号院,朝阳,三里屯,三里屯南42号,10号线,团结湖,718,2000年,二三环之间
于家围村自建房,朝阳,豆各庄,双桥路,10号线,团结湖,718,2000年,五六环之间
上线6号,朝阳,常营,三间房东路,6号线,常营,1013,2000年,五六环之间
宝兴公寓,朝阳,十八里店,吕营大街,10号线,分钟寺,813,2000年,三四环之间
甜水园北街小区,朝阳,大望路,甜水园街,14号线(东),金台路,399,2000年,三四环之间
小关东里,朝阳,奥林匹克公园,北土城东路,10号线,惠新西街南口,499,2000年,三四环之间
清河牛奶厂宿舍,朝阳,北沙滩,清河东路,8号线,林萃桥,1285,2000年,五六环之间
富兴首府,朝阳,东坝,东坝路,8号线,林萃桥,1285,2000年,三四环之间
安新路6号院,朝阳,太阳宫,太阳宫南街辅路,10号线,太阳宫,291,2000年,三四环之间
轻氧创意社区,朝阳,欢乐谷,大柳树路甲100号,7号线,南楼梓庄,571,2000年,四五环之间
盛腾青创园,朝阳,欢乐谷,王四营路,7号线,双合,1313,2000年,三四环之间
昆泰嘉瑞公寓,朝阳,大山子,望达路,15号线,望京东,280,2000年,四五环之间
焦庄酒店,朝阳,东坝,焦庄甲88号,15号线,望京东,280,2000年,五六环之间
华鼎文创园,朝阳,姚家园,平房村19号,6号线,褡裢坡,2607,2000年,五六环之间
鼓楼外大街17号院,朝阳,和平街,鼓楼外大街17号,8号线,安华桥,322,2000年,二环以内
惠新东街甲15号院,朝阳,国展,惠新东街甲15号,10号线,惠新西街南口,524,2000年,三四环之间
酒仙公寓,朝阳,大山子,酒仙桥路2号,14号线(东),望京南,762,2000年,四五环之间
琨莎中心,朝阳,三元桥,新源里16号,10号线,亮马桥,1006,2000年,二三环之间
鲁班大厦,朝阳,定福庄,定福庄北里1号,6号线,褡裢坡,845,2000年,五六环之间
强强国际酒店,朝阳,十里河,东三环南路102号,10号线,十里河,80,2000年,三四环之间
天坛家具厂宿舍,朝阳,芍药居,育慧东路6号,15号线,关庄,876,2000年,四五环之间
南沙滩联合院,朝阳,奥林匹克公园,军民团结路,15号线,北沙滩,616,2000年,四五环之间
京徽里文化社区,朝阳,姚家园,平房村1号,6号线,青年路,2159,2000年,四五环之间
新北路甲6号院,朝阳,来广营,新北路甲6号,14号线(东),来广营,1689,2000年,五六环之间
398科创园,朝阳,垡头,马房寺路398号,7号线,双合,1370,2000年,四五环之间
双合酒店式公寓,朝阳,垡头,化工路59号,7号线,焦化厂,868,2000年,四五环之间
十里堡北区18号院,朝阳,大望路,十里堡北区18号,6号线,十里堡,706,2000年,四五环之间
黄寺后身36号院,朝阳,安贞,鼓楼外大街,8号线,安华桥,267,2000年,二环以内
石门村路5号院,朝阳,百子湾,石门村路5号,7号线,百子湾,642,2000年,四五环之间
世贸国际中心,朝阳,三里屯,工体北路13号,10号线,团结湖,1062,2000年,二三环之间
维多利亚花园公寓,朝阳,朝阳公园,朝阳公园西路,14号线(东),枣营,634,2000年,三四环之间
北京电影学院文创园平房园区,朝阳,常营,平房路,6号线,褡裢坡,2140,2000年,五六环之间
龙湖长楹天街(西区),朝阳,管庄,朝阳北路,6号线,常营,244,2000年,五六环之间
金龙都商务酒店,朝阳,管庄,朝阳路,八通线,管庄,693,2000年,五六环之间
小黄庄前街7号楼,朝阳,和平街,小黄庄前街7号,5号线,和平西桥,592,2000年,二三环之间
百思特大厦,朝阳,垡头,垡头东路,7号线,双合,621,2000年,四五环之间
上东双子座,朝阳,酒仙桥,东四环北路,14号线(东),将台,1113,2000年,四五环之间
六号大厦,朝阳,高碑店,文化新大街,八通线,高碑店,1590,2000年,四五环之间
北京保罗商务会馆,朝阳,东大桥,关东店北街23号,6号线,东大桥,368,2000年,二三环之间
悦创空间,朝阳,豆各庄,双桥路,7号线,焦化厂,2935,2000年,五六环之间
江南文化创意园,朝阳,小红门,牌坊村路,亦庄线,小红门,1578,2000年,四五环之间
松越大厦,朝阳,高碑店,高碑店村1743号,八通线,高碑店,1431,2000年,三四环之间
武基路商铺,朝阳,垡头,武基路,7号线,双合,1180,2000年,四五环之间
十里河灯饰城,朝阳,十里河,弘燕南一路,10号线,十里河,411,2000年,三四环之间
民乐北里A栋,朝阳,十里河,弘燕南一路,10号线,十里河,414,2000年,三四环之间
铜雀,朝阳,南沙滩,工人体育场北路,2号线,东四十条,1019,2000年,二三环之间
恒大书院,朝阳,北苑,红军营路,5号线,北苑路北,1264,2000年,五六环之间
东山CONDO,朝阳,朝阳周边,东风南路58号,14号线(东),东风北桥,1127,2000年,四五环之间
新农创大厦,朝阳,十里河,家具大道6号,10号线,十里河,471,2000年,三四环之间
团结湖中路南二条,朝阳,团结湖,团结湖中路,14号线(东),金台路,806,2000年,三四环之间
博泰国际,朝阳,来广营,南湖东园122号,15号线,望京,460,2000年,四五环之间
红霞中路10号院,朝阳,朝阳周边,红霞中路10号,14号线(东),东风北桥,450,2000年,四五环之间
红石坊,朝阳,三元桥,十里河村南街,10号线,十里河,403,2000年,三四环之间
中科院华严北里小区,朝阳,健翔桥,民族园西路,10号线,健德门,918,2000年,三四环之间
南顶路325号院,朝阳,十里河,南顶路325号,亦庄线,肖村,1003,2000年,三四环之间
给水小区,朝阳,常营,朝阳北路43号,6号线,褡裢坡,243,2000年,五六环之间
宇达创意中心,朝阳,双桥,久文路6号,6号线,褡裢坡,243,2000年,五六环之间
融华世家(商住楼),朝阳,亚运村小营,小营北路,15号线,大屯路东,420,2000年,四五环之间
亚北国际创意产业园,朝阳,高碑店,文化新大街,八通线,高碑店,1481,2000年,四五环之间
立水桥北8号院,朝阳,北苑,立水桥北8号,5号线,立水桥,255,2000年,五六环之间
万通公寓（百子湾）,朝阳,百子湾,石门中路,7号线,百子湾,501,2000年,四五环之间
大郊亭北街18号院,朝阳,劲松,大郊亭北街18号,7号线,大郊亭,359,2000年,三四环之间
樱花中路,朝阳,安贞,樱花中路3号,13号线,光熙门,534,2000年,三四环之间
瑞平家园,朝阳,来广营,广善路,14号线(东),善各庄,874,2000年,五六环之间
燕保祈东家园二期,朝阳,垡头,化工路,7号线,焦化厂,401,2000年,四五环之间
慧聚公寓,朝阳,CBD,建国路,1号线,大望路,829,2000年,三四环之间
关庄路11号院,朝阳,亚运村小营,关庄路11号,15号线,关庄,85,2000年,四五环之间
方恒天和大厦,朝阳,朝外大街,工体西路甲7号,2号线,朝阳门,799,2000年,二三环之间
中海望京府(别墅),朝阳,来广营,观唐东路,15号线,马泉营,855,2000年,五六环之间
中海望京府,朝阳,来广营,观唐东路,15号线,马泉营,855,2000年,五六环之间
华潮公寓,朝阳,十里河,南四环东路,亦庄线,小红门,1113,2000年,三四环之间
东方华瑞北区,朝阳,管庄,管庄路,6号线,常营,702,2000年,五六环之间
小黄庄路三条9号院,朝阳,和平街,小黄庄路三条9号,5号线,和平西桥,266,2000年,二三环之间
亚北国际东区传媒产业园,朝阳,定福庄,建国路16号,八通线,传媒大学,643,2000年,五六环之间
团结湖路小区,朝阳,团结湖,团结湖路,10号线,呼家楼,597,2000年,三四环之间
京瑞大厦,朝阳,潘家园,东三环南路17号,14号线(东),十里河,383,2000年,二三环之间
双桥街7号院,朝阳,双桥,双桥街7号,八通线,双桥,1508,2000年,五六环之间
鸿博家园(二期D区),朝阳,小红门,小红门路,亦庄线,小红门,430,2000年,四五环之间
大黄庄教师楼,朝阳,定福庄,朝阳路,八通线,传媒大学,913,2000年,五六环之间
朗廷大厦,朝阳,管庄,朝阳路8号,八通线,管庄,242,2000年,五六环之间
鸿博家园(二期F区),朝阳,小红门,红坊路,亦庄线,小红门,508,2000年,四五环之间
北岸1292,朝阳,管庄,建国东路15号,八通线,双桥,467,2000年,五六环之间
和悦园,朝阳,东坝,东坝中街,八通线,双桥,467,2000年,五六环之间
汇园国际公寓,朝阳,亚运村,慧中路,15号线,安立路,1036,2000年,四五环之间
东卫城,朝阳,管庄,朝阳路,八通线,管庄,416,2000年,五六环之间
金都心语,朝阳,百子湾,石门东路,7号线,百子湾,905,2000年,四五环之间
青年工社,朝阳,朝青板块,朝阳北路,6号线,青年路,279,2000年,四五环之间
石门新居,朝阳,百子湾,百子湾南三路35号,7号线,百子湾,180,2000年,四五环之间
柠檬晓生活国际公寓,朝阳,豆各庄,黄厂西路1号,7号线,焦化厂,1163,2000年,五六环之间
北京制药二厂宿舍,朝阳,百子湾,百子湾路,1号线,四惠,841,2000年,四五环之间
懋源璟玺,朝阳,来广营,黄康路,15号线,孙河,1129,2000年,五六环之间
日坛国际贸易中心,朝阳,朝外大街,日坛北路17号,6号线,东大桥,884,2000年,二三环之间
中骏世界城,朝阳,建外大街,金汇路7号,6号线,东大桥,528,2000年,二三环之间
香榭舍,朝阳,松榆里,南新园西路6号,14号线(东),十里河,658,2000年,三四环之间
三里屯北小区,朝阳,三里屯,幸福三村五巷,10号线,农业展览馆,786,1980年,二三环之间
家具大道10号院,朝阳,十里河,家具大道10号,10号线,十里河,804,1980年,三四环之间
立水桥8号院,朝阳,北苑,立水桥路甲8号,13号线,立水桥,287,1980年,五六环之间
北京十八空间文化创意园,朝阳,十里河,东四环南路365号,7号线,欢乐谷景区,1865,1980年,三四环之间
平房国际综合商务会馆C座,朝阳,朝青板块,朝体东侧路甲518号,6号线,青年路,2824,1980年,四五环之间
芍药居南区,朝阳,芍药居,京承高速,13号线,芍药居,424,1980年,三四环之间
永利国际(商住楼),朝阳,三里屯,工人体育场体北路,2号线,东四十条,906,1980年,二三环之间
垡头翠成馨园(B区201-210号),朝阳,垡头,垡头路,7号线,欢乐谷景区,1106,1980年,四五环之间
垡头翠成馨园(E区),朝阳,垡头,武基街,7号线,欢乐谷景区,1237,1980年,四五环之间
垡头翠成馨园(C区101-110号),朝阳,垡头,垡头路,7号线,双合,1218,1980年,四五环之间
大地文苑,朝阳,双桥,广渠路,八通线,传媒大学,1238,1980年,五六环之间
定福庄园艺场,朝阳,常营,定福庄路,6号线,褡裢坡,1239,1980年,五六环之间
华泰新世纪广场,朝阳,十里河,弘燕南一路,10号线,十里河,466,1980年,三四环之间
创E加社区,朝阳,酒仙桥,酒仙桥南路5号,14号线(东),将台,1004,1980年,四五环之间
雅宝大厦,朝阳,朝外大街,雅宝路6号,2号线,建国门,737,1980年,二三环之间
南沙滩平安小区,朝阳,南沙滩,军民团结路,15号线,北沙滩,539,1980年,三四环之间
复地首府(别墅),朝阳,大望路,西大望路甲20号,7号线,九龙山,259,1980年,三四环之间
京润水上花园,朝阳,三元桥,霄云路18号,机场线,三元桥,1142,1980年,三四环之间
林达大厦,朝阳,柳芳,东土城路8号,13号线,柳芳,225,1980年,二三环之间
团结湖北口,朝阳,团结湖,东三环北路,10号线,团结湖,94,1980年,三四环之间
华业国际公寓,朝阳,CBD,延静里中街25号,6号线,金台路,874,1980年,三四环之间
复星国际中心,朝阳,东大桥,朝阳北路237号,6号线,东大桥,358,1980年,二三环之间
东晓景村206号,朝阳,东坝,东晓景村206号,6号线,常营,2144,1980年,五六环之间
东星时尚广场,朝阳,双桥,双桥路3号,八通线,双桥,216,1980年,五六环之间
服仓文创园,朝阳,双桥,金卫路9号,八通线,传媒大学,1198,1980年,五六环之间
酒仙桥东路18号院,朝阳,酒仙桥,酒仙桥东路18号,14号线(东),将台,987,1980年,三四环之间
岗山路42号办公楼,朝阳,首都机场,岗山路42号,机场线,T3航,楼站1158,1980年,五六环之间
吉里国际艺术区,朝阳,双桥,金家村中街6号,八通线,传媒大学,1291,1980年,五六环之间
中国非物质文化产业基地,朝阳,双桥,民族文化街1725号,八通线,高碑店,1549,1980年,五六环之间
603文化创意园,朝阳,垡头,化工路甲5号,7号线,双合,452,1980年,四五环之间
叶青大厦,朝阳,来广营,望京北路9号,14号线(东),东湖渠,298,1980年,四五环之间
尚8里文创园,朝阳,八里庄,陈家林甲2号,1号线,四惠东,672,1980年,四五环之间
北京服仓国际文化创意产业园,朝阳,双桥,金卫路,八通线,传媒大学,1314,1980年,五六环之间
供热厂,朝阳,双井,劲松南路15号,10号线,劲松,756,1980年,二三环之间
电机总厂,朝阳,酒仙桥,酒仙桥北路7号,14号线(东),望京南,1626,1980年,四五环之间
尚帝佳创业园,朝阳,高碑店,广渠路1347号,八通线,四惠东,1703,1980年,四五环之间
亚丁空间,朝阳,管庄,建国路,八通线,管庄,80,1980年,五六环之间
瑞悦府(别墅),朝阳,来广营,黄康路,15号线,孙河,873,1980年,五六环之间
LOFTEL,朝阳,望京,湖光中街1号,15号线,望京,231,1980年,四五环之间
和锦薇棠,朝阳,常营,朝阳北路,6号线,黄渠,249,1980年,五六环之间
西直河中小企业产业园,朝阳,垡头,王村路34号,7号线,焦化厂,1054,1980年,三四环之间
印象里文创园,朝阳,高碑店,文化新大街1737号,八通线,高碑店,1468,1980年,三四环之间
佰汇广场,朝阳,十里河,十里河家具大道,10号线,十里河,672,1980年,三四环之间
民和兴市场,朝阳,十里河,弘燕南一路,14号线(东),十里河,469,1980年,二三环之间
博泰嘉华大厦,朝阳,望京,利泽东园308号,14号线(东),东湖渠,1034,1980年,三四环之间
水岸庄园1009号楼,朝阳,北苑,水岸庄园1009号,13号线,北苑,1131,1980年,四五环之间
五洲家园,朝阳,朝青板块,容惠路6号,6号线,青年路,1537,1980年,三四环之间
双桥东路甲6号院,朝阳,双桥,双桥东路甲6号,八通线,管庄,915,1980年,四五环之间
马房寺路398号楼,朝阳,垡头,马房寺路398号,7号线,双合,1389,1980年,四五环之间
富华弘燕大厦,朝阳,十里河,弘燕南一路,10号线,十里河,472,1980年,三四环之间
药居北里304号楼,朝阳,芍药居,药居北里304号,13号线,芍药居,868,1980年,三四环之间
瑞祥里小区13号楼,朝阳,管庄,瑞祥里小区13号,八通线,八里桥,742,1980年,五六环之间
中国书画创作基地,朝阳,东坝,东晓景村206号,6号线,常营,2103,1980年,五六环之间
礼安门,朝阳,高碑店,高碑店村二区22号,八通线,四惠东,409,1980年,四五环之间
元大都7号,朝阳,健翔桥,北辰西路7号,10号线,健德门,473,1980年,三四环之间
普乐门公寓798店,朝阳,酒仙桥,酒仙桥北路甲7号,14号线(东),望京南,1544,1980年,四五环之间
将府锦苑,朝阳,将台路,将台村路,14号线(东),望京南,1544,1980年,五六环之间
天瑞宸章,朝阳,来广营,顺黄路,15号线,孙河,1120,1980年,五六环之间
杨闸新村,朝阳,管庄,朝阳路,八通线,管庄,849,1980年,五六环之间
海泰小区,朝阳,百子湾,广渠路,7号线,化工,1366,1980年,四五环之间
观筑庭园(商住楼),朝阳,十里河,吕营大街,亦庄线,小红门,1459,1980年,三四环之间
观筑庭园(别墅),朝阳,十里河,吕营大街,亦庄线,小红门,1459,1980年,三四环之间
万杰医院家属楼,朝阳,朝青板块,青年路北小区10号,6号线,青年路,1513,1980年,四五环之间
红璞双合青年社区,朝阳,垡头,东五环路,7号线,双合,41,1980年,四五环之间
豪威家园,朝阳,和平街,和平西苑20号,5号线,和平西桥,427,1980年,二三环之间
煤炭信息研究院家属楼,朝阳,芍药居,文学馆路,13号线,芍药居,513,1980年,三四环之间
芍药居17-19号楼,朝阳,芍药居,文学馆路,10号线,芍药居,845,1980年,三四环之间
惠新西街小区,朝阳,惠新西街,惠新西街,5号线,惠新西街北口,67,1980年,三四环之间
香江花园,朝阳,来广营,香江北路1号,15号线,马泉营,1381,1980年,五六环之间
时间国际中心(商住楼),朝阳,太阳宫,曙光西里甲6号,机场线,三元桥,647,1980年,三四环之间
东风苑小区(北区),朝阳,朝阳周边,辛庄二街3号,6号线,十里堡,1877,1980年,四五环之间
东风苑小区(南区),朝阳,朝阳周边,辛庄二街10号,6号线,十里堡,1687,1980年,四五环之间
瑞悦府,朝阳,来广营,黄康路,15号线,孙河,873,1980年,五六环之间
天海办公楼,朝阳,十八里店,大羊坊路,10号线,十里河,765,1980年,三四环之间
双桥路12号院,朝阳,双桥,双桥路12号,八通线,双桥,1663,1980年,五六环之间
泰禾北京院子(二期),朝阳,来广营,顺黄路47号,15号线,孙河,1429,1980年,五六环之间
垡头翠城雅园社区(垡头翠成馨园B区221-239号),朝阳,垡头,垡头路,7号线,欢乐谷景区,1287,1980年,四五环之间
垡头翠城盛园社区(垡头翠成馨园C区112-144号),朝阳,垡头,垡头路,7号线,双合,1217,1980年,四五环之间
吕营嘉园C区,朝阳,十里河,吕家营村79号,10号线,分钟寺,1578,1980年,三四环之间
禧瑞春秋,朝阳,来广营,孙河组团八号路,15号线,孙河,745,1980年,五六环之间
禧瑞春秋(别墅),朝阳,来广营,孙河组团八号路,15号线,孙河,745,1980年,五六环之间
南楼梓庄,朝阳,百子湾,大柳树路,7号线,南楼梓庄,868,1980年,四五环之间
熙悦安郡,朝阳,十里河,东铁营横一条,亦庄线,肖村,723,2019年,三四环之间
蘑菇青年社区,朝阳,百子湾,官庄路,7号线,化工,204,2019年,四五环之间
朝青知筑,朝阳,常营,朝阳北路,6号线,褡裢坡,560,2018年,五六环之间
尊悦光华,朝阳,建外大街,光华东里甲1号,1号线,国贸,601,2018年,二三环之间
财满街财经中心(商住楼),朝阳,朝青板块,朝阳路69号,八通线,高碑店,928,2018年,四五环之间
中国国际科技会展中心,朝阳,安贞,裕民路12号,10号线,健德门,395,2018年,三四环之间
西坝河北里202号院,朝阳,太阳宫,西坝河北里202号,10号线,太阳宫,568,2018年,三四环之间
外馆西街小区,朝阳,安贞,外馆西街3号,8号线,安华桥,614,1980年,二三环之间
国际创展中心,朝阳,朝青板块,"朝阳路,近青年路",6号线,青年路,683,1980年,四五环之间
财满街财经中心,朝阳,朝青板块,朝阳路69号,八通线,高碑店,928,2002年,四五环之间
旺座中心(商住楼),朝阳,建外大街,景华南街1号,10号线,金台夕照,357,2002年,二三环之间
新村医药物流港,朝阳,高碑店,新村医药物流港1525号,八通线,四惠东,1047,2002年,四五环之间
远洋商务,朝阳,八里庄,八里庄西里61号,八通线,四惠,537,2002年,四五环之间
金泉时代,朝阳,亚运村,大屯里317号,5号线,大屯路东,252,2009年,四五环之间
北苑路38号院,朝阳,北苑,北苑路38号,5号线,北苑路北,512,2009年,五六环之间
和光尘樾,朝阳,东坝,东坝中街,5号线,北苑路北,512,2009年,五六环之间
和光尘樾(别墅),朝阳,东坝,东坝中街,5号线,北苑路北,512,2009年,五六环之间
武警红军营小区,朝阳,北苑,红军营南路,13号线,北苑,1205,2004年,五六环之间
超级蜂巢,朝阳,高碑店,北花园村1号,八通线,传媒大学,1270,2004年,五六环之间
太阳公元(南区),朝阳,太阳宫,太阳宫二街1号,10号线,芍药居,398,2004年,三四环之间
服仓文创园,朝阳,高碑店,金卫路,八通线,传媒大学,1267,2004年,五六环之间
柒号大厦,朝阳,高碑店,文化新大街1739号,八通线,高碑店,1507,2004年,四五环之间
大地时尚文化创意园,朝阳,高碑店,金家村中街9号,八通线,传媒大学,1197,2004年,五六环之间
金茂府东区(商住楼),朝阳,大望路,广渠路23号,7号线,大郊亭,113,2004年,三四环之间
博雅国际中心,朝阳,望京,利泽中一路1号,14号线(东),东湖渠,381,2006年,四五环之间
新源南路小区(7-15号(单号)),朝阳,三里屯,新源南路7-15号,10号线,亮马桥,727,1985年,二三环之间
美立方,朝阳,北苑,双营路11号,5号线,立水桥南,457,1985年,五六环之间
金蝉西路甲1号产业园,朝阳,百子湾,金蝉西路甲1号,7号线,南楼梓庄,297,1985年,四五环之间
安外北苑2号院,朝阳,北苑,北苑路2号,5号线,北苑路北,511,1985年,五六环之间
北京中佰公寓(传媒大学店),朝阳,定福庄,朝阳路,八通线,传媒大学,821,1985年,五六环之间
通盛园区,朝阳,百子湾,王四营北路168号,八通线,传媒大学,2771,1985年,四五环之间
乐栋300,朝阳,双桥,北花园街甲1号,八通线,传媒大学,1041,1985年,五六环之间
华仑大厦,朝阳,芍药居,北四环东路69号,13号线,望京西,1175,1999年,四五环之间
世茂国际中心,朝阳,三里屯,工人体育场北路13号,10号线,团结湖,1069,1999年,二三环之间
上东8号(商住楼),朝阳,酒仙桥,芳园南里9号,14号线(东),将台,410,1999年,四五环之间
三间房南里7号院,朝阳,定福庄,建国路,八通线,双桥,895,1976年,五六环之间
福盈家园4号院,朝阳,定福庄,三间房西路4号,6号线,褡裢坡,606,1976年,五六环之间
高碑店集贸市场宿舍,朝阳,高碑店,高碑店村1338号,八通线,高碑店,993,1976年,四五环之间
静安里45号商业,朝阳,柳芳,静安里45号,10号线,三元桥,1022,1976年,二三环之间
朝外MEN,朝阳,朝外大街,朝阳门外大街26号,2号线,朝阳门,690,2005年,二三环之间
霞光里35号院,朝阳,三元桥,霄云路,10号线,三元桥,593,1983年,三四环之间
百子湾路小区,朝阳,百子湾,百子湾路,1号线,四惠,858,1976年,四五环之间
西坝河北里201号院,朝阳,太阳宫,西坝河北里201号,13号线,光熙门,744,1980年,三四环之间
芍药居北区,朝阳,芍药居,文学院路,10号线,芍药居,642,1980年,三四环之间
华严北里1号院,朝阳,健翔桥,北辰西路,10号线,健德门,660,1993年,三四环之间
佰汇古玩珠宝城A座商业,朝阳,十里河,吕营大街,10号线,十里河,711,1993年,三四环之间
住邦2000(商住楼),朝阳,慈云寺,朝阳路,八通线,四惠,672,2003年,四五环之间
祁家豁子社区,朝阳,健翔桥,祁家豁子街,10号线,健德门,524,1959年,三四环之间
民航医院宿舍,朝阳,高碑店,朝外高井甲1号,八通线,高碑店,570,1978年,四五环之间
三里屯北小街小区,朝阳,三里屯,三里屯北小街,10号线,农业展览馆,909,1980年,二三环之间
汽修一厂宿舍,朝阳,奥林匹克公园,花虎沟2号,15号线,北沙滩,1175,1980年,四五环之间
双桥中路10号北院,朝阳,双桥,双桥中路,八通线,管庄,2021,1981年,五六环之间
书香亭,朝阳,松榆里,南新园中路115号,10号线,潘家园,745,2002年,三四环之间
团结湖北二条,朝阳,团结湖,团结湖北路,10号线,团结湖,383,1979年,三四环之间
双桥中路10号南院,朝阳,双桥,双桥中路,八通线,管庄,2230,1999年,五六环之间
团结湖南里,朝阳,团结湖,朝阳北路,10号线,呼家楼,119,1977年,三四环之间
八里庄东里北巷,朝阳,八里庄,八里庄路,6号线,十里堡,494,1980年,四五环之间
八里庄东里,朝阳,十里堡,朝阳路,6号线,十里堡,653,1999年,四五环之间
CBD玲珑墅,朝阳,豆各庄,大鲁店北路,7号线,焦化厂,2721,1999年,五六环之间
东八里庄新区,朝阳,石佛营,八里庄北里104号,6号线,十里堡,706,1999年,四五环之间
观巢,朝阳,亚运村,慧忠里122号,15号线,安立路,370,2011年,四五环之间
芳草地西街小区,朝阳,东大桥,芳草地西街,6号线,东大桥,531,1957年,二三环之间
恒大名都,朝阳,北苑,北苑中街,5号线,北苑路北,1224,2017年,五六环之间
国贸DNA,朝阳,CBD,东四环中路,八通线,四惠,755,2017年,三四环之间
东环18公寓,朝阳,双井,东三环中路18号,10号线,双井,362,2002年,三四环之间
傲城融富中心,朝阳,北苑,红军营南路,5号线,北苑路北,369,2005年,五六环之间
安贞里(四区),朝阳,安贞,安贞路,10号线,安贞门,647,1980年,三四环之间
摩码大厦,朝阳,团结湖,朝阳北路199号,14号线(东),金台路,463,2003年,三四环之间
丽都东方国际公寓,朝阳,酒仙桥,芳园西路7号,14号线(东),将台,771,1999年,四五环之间
丽港美度,朝阳,望京,南湖中园二条,15号线,望京西,1067,2006年,四五环之间
亮马桥路59号院,朝阳,三元桥,亮马桥路,14号线(东),东风北桥,950,2006年,三四环之间
英特公寓,朝阳,柳芳,北三环东路28号,13号线,光熙门,581,2002年,二三环之间
樱花东街小区,朝阳,惠新西街,樱花园东街,13号线,光熙门,641,1987年,三四环之间
华阳公寓,朝阳,潘家园,华威路,10号线,潘家园,204,1998年,二三环之间
健翔国际公寓,朝阳,健翔桥,祁家豁子街8号,10号线,健德门,416,2007年,三四环之间
劲松南路小区,朝阳,劲松,劲松南路,10号线,劲松,301,1990年,二三环之间
丽都10号,朝阳,酒仙桥,将台西路10号,14号线(东),将台,917,2014年,四五环之间
林达海渔广场,朝阳,松榆里,东四环南路53号,7号线,欢乐谷景区,1245,2014年,三四环之间
万庭公寓,朝阳,垡头,武基路75号,7号线,双合,1943,2014年,四五环之间
三里屯南路小区,朝阳,三里屯,三里屯南路14号,10号线,团结湖,731,1987年,二三环之间
常楹大厦,朝阳,管庄,朝阳北路,6号线,常营,441,1987年,五六环之间
霄云里8号,朝阳,三元桥,霄云路8号,机场线,三元桥,669,1987年,三四环之间
双柳巷小区,朝阳,双桥,双桥路,八通线,双桥,439,1998年,五六环之间
保利嘉园1号院,朝阳,常营,常营中路1号,6号线,草房,947,2010年,五六环之间
和平西街小区,朝阳,和平街,和平西街,5号线,和平西桥,61,1986年,二三环之间
姚家园东里七号院,朝阳,姚家园,姚家园东里7号,6号线,青年路,2540,2000年,四五环之间
延静里中街3号院,朝阳,CBD,延静里中街3号,6号线,金台路,928,1981年,三四环之间
馨岛苑,朝阳,管庄,朝阳路,八通线,管庄,573,2008年,五六环之间
新源西里社区,朝阳,三里屯,新源西里中街,13号线,东直门,1162,1990年,二三环之间
旭辉奥都,朝阳,北苑,锦芳路1号,5号线,立水桥南,335,2008年,五六环之间
华贸铂金墅,朝阳,北苑,水岸南街8号,13号线,北苑,754,2012年,五六环之间
朝阳门南大街小区,朝阳,建外大街,朝阳门南大街甲12号,6号线,朝阳门,730,1982年,二三环之间
金泰丽富嘉园(30号院),朝阳,东坝,东坝中路30号,6号线,朝阳门,730,1982年,五六环之间
函数公寓(惠河北街),朝阳,定福庄,通惠河北街9号,八通线,传媒大学,221,1982年,五六环之间
中国铁建广场,朝阳,来广营,北苑东路19号,13号线,北苑,418,1982年,五六环之间
世奥国际中心,朝阳,芍药居,北四环东路,5号线,惠新西街北口,1244,1982年,三四环之间
国际城乐想汇,朝阳,来广营,清河营东路,13号线,北苑,865,1982年,五六环之间
青荷里晨风园,朝阳,豆各庄,天达路,7号线,焦化厂,2357,2016年,五六环之间
红北机一委小区,朝阳,CBD,金台路,6号线,金台路,350,2016年,三四环之间
南湖中园一区(西区),朝阳,望京,南湖北路,15号线,望京,929,2000年,四五环之间
朝丰家园(4号院),朝阳,豆各庄,天达路,7号线,焦化厂,2496,2000年,五六环之间
朝丰家园(15号院),朝阳,豆各庄,天达路,7号线,焦化厂,2238,2000年,五六环之间
恒大御景湾(东区),朝阳,豆各庄,黄厂路,7号线,焦化厂,1409,2000年,五六环之间
朝丰家园(6号院),朝阳,豆各庄,天达路6号,7号线,焦化厂,2394,2000年,五六环之间
柏阳景园C区,朝阳,豆各庄,白鹿司路,7号线,焦化厂,2164,2000年,五六环之间
双桥五号井小区,朝阳,双桥,双桥南街,八通线,管庄,2415,1976年,五六环之间
小黄庄前街2号院,朝阳,和平街,小黄庄前街2号,5号线,和平西桥,521,1993年,二三环之间
合美国际大厦,朝阳,双桥,通惠河南路,八通线,双桥,481,1993年,五六环之间
景粼原著(别墅),朝阳,孙河,"顺黄路,近京沈线",15号线,孙河,1311,30.00,五六环之间
小悦中心,朝阳,朝青板块,青年路12号,6号线,青年路,1355,30.00,四五环之间
花家地西里三区,朝阳,花家地,望京西路,15号线,望京西,950,1980年,四五环之间
花家地西里(二区),朝阳,花家地,望京西路,14号线(东),阜通,974,1996年,四五环之间
住欣家园(西区),朝阳,管庄,"朝阳北路,近常新路",6号线,草房,561,1994年,五六环之间
住四小区,朝阳,CBD,西大望路北3号,14号线(东),大望路,746,1994年,三四环之间
中路南一二条小区,朝阳,团结湖,团结湖南路,10号线,呼家楼,680,1980年,三四环之间
六北联建小区,朝阳,团结湖,甜水园街,14号线(东),朝阳公园,241,2002年,三四环之间
瑞祥里西区,朝阳,管庄,"瑞祥路,近朝阳路",八通线,八里桥,784,2002年,五六环之间
八里庄北里1号院,朝阳,石佛营,八里庄北里1号,6号线,十里堡,159,1983年,四五环之间
柏林爱乐(四期),朝阳,管庄,朝阳北路,6号线,黄渠,607,2008年,五六环之间
柏林爱乐(三期),朝阳,管庄,朝阳北路,6号线,黄渠,891,2007年,五六环之间
柏林爱乐(二期),朝阳,管庄,管庄路,6号线,黄渠,651,2004年,五六环之间
海棠公社(4号院),朝阳,豆各庄,白鹿司路4号,7号线,焦化厂,2282,35.00,五六环之间
北三里社区,朝阳,三里屯,新东路,10号线,团结湖,873,35.00,二三环之间
尚科办公社区,朝阳,酒仙桥,酒仙桥东路,14号线(东),将台,960,35.00,四五环之间
华严北里9号院,朝阳,健翔桥,民族园西路,10号线,健德门,707,1983年,三四环之间
华严北里4号院,朝阳,健翔桥,民族园西路,10号线,健德门,776,1982年,三四环之间
蝶泉花园,朝阳,常营,东苇路126号,6号线,常营,912,2011年,五六环之间
东景苑,朝阳,松榆里,"南新园中路113,114号",10号线,潘家园,802,2001年,三四环之间
豪成大厦,朝阳,柳芳,左家庄中街6号,13号线,柳芳,832,2008年,二三环之间
高斓大厦,朝阳,朝阳公园,亮马桥路32号,14号线(东),枣营,984,1996年,三四环之间
扬州水乡,朝阳,豆各庄,郎辛庄北路58号,7号线,焦化厂,2792,2001年,五六环之间
A+麒寓,朝阳,双桥,双桥东路甲6号,八通线,管庄,928,2001年,五六环之间
首创爱这城(三期),朝阳,八里庄,十里堡乙2号,6号线,十里堡,1007,2008年,四五环之间
方恒国际,朝阳,望京,阜通东大街6号,14号线(东),望京南,608,2008年,四五环之间
复地国际公寓,朝阳,东大桥,朝阳北路235号,6号线,东大桥,412,2008年,二三环之间
骏豪中央公园广场,朝阳,团结湖,朝阳公园南路10号,14号线(东),朝阳公园,166,2016年,三四环之间
中安盛业,朝阳,亚运村小营,北苑路168号,15号线,大屯路东,759,2004年,四五环之间
欧陆大厦,朝阳,亚运村小营,北苑路172号,5号线,惠新西街北口,829,2000年,四五环之间
望京路3号院,朝阳,望京,望京路3号,14号线(东),阜通,163,1985年,四五环之间
幸福家园北区,朝阳,朝阳周边,皮村北街15号,14号线(东),阜通,163,1985年,五六环之间
首都儿科研究所家属楼,朝阳,建外大街,雅宝路2号,2号线,建国门,722,1985年,二三环之间
新源西里东街小区,朝阳,三里屯,新源西里东街,10号线,亮马桥,1162,1981年,二三环之间
小关北里24号院,朝阳,小关,小关北里24号院,5号线,惠新西街南口,422,1987年,三四环之间
小关北里45号院,朝阳,芍药居,小关北里45号,5号线,惠新西街北口,752,2000年,三四环之间
鸿博家园(一期B区),朝阳,小红门,鸿博西路,亦庄线,小红门,1186,2004年,四五环之间
幸福家园南区,朝阳,朝阳周边,皮村北街16号,亦庄线,小红门,1186,2004年,五六环之间
鸿博家园(一期A区),朝阳,小红门,小红门东路,亦庄线,小红门,880,2004年,四五环之间
鸿博家园六区,朝阳,小红门,鸿博西路,亦庄线,小红门,1428,2008年,四五环之间
鸿博家园(二期C区),朝阳,小红门,小红门五号路,亦庄线,小红门,558,2011年,四五环之间
鸿博家园(二期B区),朝阳,小红门,小红门东路,亦庄线,小红门,523,2011年,四五环之间
鸿博家园(二期A区),朝阳,小红门,红坊路,亦庄线,小红门,522,2011年,四五环之间
华严北里二区(1号院),朝阳,健翔桥,民族园西路1号,10号线,健德门,673,1992年,三四环之间
芳草地西街23号院,朝阳,朝外大街,芳草地西街23号,6号线,东大桥,582,1992年,二三环之间
格纳斯大厦,朝阳,三里屯,新源里西19号,10号线,亮马桥,1095,1992年,二三环之间
团结湖一二条南小区,朝阳,团结湖,团结湖北路,10号线,团结湖,425,1985年,三四环之间
万方家园,朝阳,管庄,朝阳路,6号线,黄渠,768,2006年,五六环之间
万达广场公寓(朝阳),朝阳,CBD,建国路93号,14号线(东),大望路,441,2005年,三四环之间
Master领寓,朝阳,柳芳,左家庄北里58号,13号线,柳芳,816,2008年,二三环之间
团结湖中路南一二条,朝阳,团结湖,团结湖南路,10号线,呼家楼,700,2008年,三四环之间
望京路4号院,朝阳,花家地,望京路4号,14号线(东),望京南,605,1999年,四五环之间
大羊坊8号院,朝阳,北苑,锦芳北街,5号线,立水桥南,382,1984年,五六环之间
北三环东路11号院,朝阳,芍药居,北三环东路11号,13号线,光熙门,246,1979年,三四环之间
东洲家园,朝阳,来广营,来广营北路,13号线,北苑,2306,1979年,五六环之间
单店西村,朝阳,东坝,东坝南二街,13号线,北苑,2306,1981年,五六环之间
管庄北一里小区,朝阳,管庄,管庄路,6号线,常营,961,1954年,五六环之间
盘古大观,朝阳,南沙滩,"北辰西路,近北四环中路",8号线,奥体中心,794,2007年,四五环之间
中骏世界城(商住楼),朝阳,东大桥,金汇路6号,6号线,东大桥,567,2007年,二三环之间
康城暖山,朝阳,双桥,双桥东路63号,八通线,八里桥,2768,2009年,五六环之间
亚运豪庭,朝阳,亚运村小营,小营路9号,5号线,惠新西街北口,861,2000年,四五环之间
水碓子小区,朝阳,团结湖,朝阳北路,14号线(东),金台路,683,2002年,三四环之间
北苑6号院,朝阳,北苑,秋实街,5号线,立水桥南,719,1996年,五六环之间
望京西园四区,朝阳,望京,阜通西大街,14号线(东),望京,254,1997年,四五环之间
金台北街小区,朝阳,CBD,金台北街1-5号,6号线,金台路,358,1991年,三四环之间
垡头三区北苑小区(垡头西里二区),朝阳,垡头,垡头街,7号线,欢乐谷景区,822,1980年,四五环之间
垡头一区北苑小区(垡头西里一区),朝阳,垡头,垡头街,7号线,欢乐谷景区,1020,1980年,四五环之间
奥林匹克花园(二期),朝阳,东坝,单店中路,7号线,欢乐谷景区,1020,2004年,五六环之间
奥林匹克花园(三期),朝阳,东坝,东坝中路,7号线,欢乐谷景区,1020,2005年,五六环之间
垡头三区南苑小区(垡头西里三区),朝阳,垡头,垡头街,7号线,欢乐谷景区,878,1983年,四五环之间
东坝家园B区,朝阳,东坝,东坝中路,7号线,欢乐谷景区,878,2004年,五六环之间
红松园北里,朝阳,东坝,东坝中街,7号线,欢乐谷景区,878,1997年,五六环之间
红松园北里2号院,朝阳,东坝,"东坝中街,近驹子房路",7号线,欢乐谷景区,878,1976年,五六环之间
奥林匹克花园(四期),朝阳,东坝,"东坝南三街,近单店中路",7号线,欢乐谷景区,878,2009年,五六环之间
大山子北里,朝阳,大山子,酒仙侨路,14号线(东),望京南,475,1957年,四五环之间
观音景园(西区),朝阳,百子湾,石板房南街,7号线,化工,1407,1957年,四五环之间
广百西路18号院,朝阳,百子湾,广百西路,7号线,化工,861,1957年,四五环之间
广渠路50号院,朝阳,朝阳周边,广渠路50号,10号线,双井,125,1980年,三四环之间
农光里中社,朝阳,南磨房,"农光路,近武圣路",10号线,劲松,600,1996年,三四环之间
泓鑫家园,朝阳,东坝,东坝中路40号,10号线,劲松,600,1996年,五六环之间
红松园1号院,朝阳,东坝,东坝南二街,10号线,劲松,600,1986年,五六环之间
华瀚福园(D区),朝阳,东坝,东坝南二街,10号线,劲松,600,1986年,五六环之间
金驹家园一区(金驹家园D区),朝阳,东坝,东坝南二街,10号线,劲松,600,1986年,五六环之间
金隅景和园(朝新嘉园东里七区),朝阳,东坝,驹子房路,10号线,劲松,600,1986年,五六环之间
天福园,朝阳,建外大街,神路街,6号线,东大桥,633,2005年,二三环之间
潘家园小区,朝阳,潘家园,潘家园路,10号线,潘家园,1218,1987年,二三环之间
北花园小区(1号院),朝阳,高碑店,北花园中路,八通线,传媒大学,641,2013年,五六环之间
定福庄北里2号院,朝阳,定福庄,朝阳路,6号线,褡裢坡,730,1985年,五六环之间
小黄庄路四条,朝阳,和平街,小黄庄路,5号线,和平西桥,411,1974年,二三环之间
小黄庄前街8号院,朝阳,和平街,小黄庄甲8号,5号线,和平西桥,504,1996年,二三环之间
小黄庄前街3号院,朝阳,和平街,小黄庄前街3号,5号线,和平西桥,477,1986年,二三环之间
兆维小区,朝阳,酒仙桥,驼房营南路,14号线(东),东风北桥,1512,2000年,四五环之间
小黄庄前街13号院,朝阳,和平街,小黄庄前街13号,5号线,和平西桥,620,1982年,二三环之间
安华西里(三区),朝阳,安贞,安华路,8号线,安华桥,606,1992年,二三环之间
安华西里(二区),朝阳,安贞,外馆斜街,8号线,安华桥,513,1979年,二三环之间
安贞里(一区),朝阳,安贞,健安东路,10号线,安贞门,282,1979年,三四环之间
安贞里(三区),朝阳,安贞,安贞路,10号线,安贞门,839,1979年,三四环之间
嘉多丽园(北区),朝阳,和平街,"华威南路,近弘善东路",14号线(东),十里河,387,2002年,二三环之间
慧忠北里第三社区,朝阳,奥林匹克公园,安立路,15号线,安立路,59,1997年,四五环之间
慧忠北里第四社区,朝阳,亚运村,北辰东路,15号线,安立路,627,2000年,四五环之间
逸翠园(北区别墅),朝阳,朝青板块,姚家园东里2号,6号线,青年路,2485,2005年,四五环之间
逸翠园(北区),朝阳,朝青板块,姚家园东里3号,6号线,青年路,2611,2005年,四五环之间
姚家园西里五号院,朝阳,姚家园,姚家园西里5号,6号线,青年路,2542,2007年,四五环之间
姚家园西里二号院,朝阳,姚家园,姚家园西里2号,14号线(东),东风北桥,2517,2007年,四五环之间
姚家园西里三号院,朝阳,姚家园,姚家园西里3号,6号线,青年路,2582,2007年,四五环之间
垡头翠成馨园(D区),朝阳,垡头,武基街,7号线,双合,1723,2007年,四五环之间
珠江罗马嘉园(东区),朝阳,朝青板块,朝阳北路,6号线,青年路,253,2006年,四五环之间
垡头翠成馨园(B区212-218号),朝阳,垡头,垡头路,7号线,欢乐谷景区,1003,2006年,四五环之间
东润枫景(南区),朝阳,酒仙桥,南十里居28号,14号线(东),东风北桥,942,2000年,四五环之间
澳林春天(三期),朝阳,奥林匹克公园,林萃西里一号路,8号线,林萃桥,1048,2002年,四五环之间
北花园小区(2号院),朝阳,高碑店,北花园中路,八通线,传媒大学,435,2013年,五六环之间
北花园小区(3号院),朝阳,高碑店,北花园中路,八通线,传媒大学,776,2013年,五六环之间
北花园小区(6号院),朝阳,高碑店,北花园中路,八通线,传媒大学,629,2013年,五六环之间
姚家园西里七号院,朝阳,姚家园,姚家园西里7号,6号线,青年路,2531,2013年,四五环之间
姚家园东里八号院,朝阳,姚家园,姚家园东里8号,6号线,青年路,2832,2010年,四五环之间
建外三道街小区,朝阳,建外大街,建国门外三道街1号,2号线,建国门,632,1994年,二三环之间
澳林春天(二期),朝阳,奥林匹克公园,林萃西里一号路,8号线,林萃桥,955,2000年,四五环之间
裕民路4号院,朝阳,安贞,裕民路4号,10号线,健德门,535,1979年,三四环之间
远洋新悦(5号院),朝阳,双桥,小寺村南街5号,八通线,八里桥,1356,2012年,五六环之间
康惠园五号院,朝阳,双桥,双桥路,八通线,双桥,726,2000年,五六环之间
太平庄10号院,朝阳,三里屯,春秀路,机场线,东直门,931,2000年,二三环之间
康惠园二号院,朝阳,双桥,双桥路,八通线,双桥,674,2000年,五六环之间
康惠园三号院,朝阳,双桥,双桥路,八通线,双桥,542,2000年,五六环之间
燕保祈东家园,朝阳,垡头,化工路,7号线,焦化厂,458,2018年,四五环之间
朝阳嘉园(京棉新城三期),朝阳,八里庄,朝阳路,6号线,十里堡,700,2005年,四五环之间
高家园社区(二区),朝阳,酒仙桥,芳园西路,14号线(东),望京南,730,1985年,四五环之间
高家园社区(四区),朝阳,酒仙桥,机场高速,14号线(东),望京南,485,1985年,四五环之间
高家园社区(三区),朝阳,酒仙桥,机场高速,14号线(东),望京南,596,1985年,四五环之间
高家园社区(五区),朝阳,酒仙桥,万红西街,14号线(东),望京南,718,1984年,四五环之间
呼家楼北街小区,朝阳,呼家楼,呼家楼北街,10号线,呼家楼,318,1985年,三四环之间
东湖湾(东区),朝阳,望京,利泽西街6号,14号线(东),东湖渠,455,2008年,四五环之间
团结湖北五条小区,朝阳,团结湖,团结湖北五条,14号线(东),朝阳公园,569,1979年,三四环之间
石佛营东里105号院,朝阳,石佛营,姚家园路,6号线,十里堡,1337,1989年,四五环之间
锦湖园公寓,朝阳,团结湖,白家庄东里23号,10号线,呼家楼,603,2000年,三四环之间
合生国际花园(东区),朝阳,双井,光华北一街,10号线,双井,730,2008年,二三环之间
大西洋新城(C区),朝阳,望京,广顺北大街33号,14号线(东),阜通,567,1999年,四五环之间
大西洋新城(B区),朝阳,望京,广顺北大街33号,14号线(东),阜通,295,2001年,四五环之间
大西洋新城(A区),朝阳,望京,广顺北大街33号,14号线(东),阜通,406,2001年,四五环之间
大西洋新城(E区),朝阳,望京,"广顺北大街,近湖光中街",14号线(东),阜通,498,2001年,四五环之间
大西洋新城(D区),朝阳,望京,广顺北大街33号,14号线(东),阜通,316,2001年,四五环之间
唐缘,朝阳,朝外大街,吉祥里209号,2号线,朝阳门,709,2006年,二三环之间
珠江帝景(B区),朝阳,大望路,"大郊亭中街,近西大望路",7号线,九龙山,366,2004年,三四环之间
华贸城(东区),朝阳,北苑,"水岸南街,近清苑路",13号线,北苑,777,2014年,五六环之间
华贸城(西区),朝阳,北苑,清河营南街9号,13号线,北苑,917,2014年,五六环之间
八斗,朝阳,亚运村小营,大屯路222号,15号线,大屯路东,206,2016年,四五环之间
磨房南里小区,朝阳,潘家园,"磨房中街,近西大望路",14号线(东),北工大西门,465,1991年,三四环之间
和平街十五区(2号院),朝阳,和平街,青年沟路,13号线,光熙门,93,1995年,二三环之间
御金台,朝阳,建外大街,东三环中路7号,10号线,金台夕照,247,2008年,二三环之间
新东路4号小区,朝阳,三里屯,新东路4号,10号线,农业展览馆,970,1983年,二三环之间
尚家楼48号院,朝阳,太阳宫,太阳宫南街,机场线,三元桥,473,1997年,三四环之间
汇景苑二区,朝阳,东坝,朝阳区平房路,机场线,三元桥,473,2016年,五六环之间
汇景苑三区,朝阳,东坝,朝阳区平房路,机场线,三元桥,473,2016年,五六环之间
北京银泰中心,朝阳,建外大街,建国门外大街2号,1号线,国贸,131,2005年,二三环之间
天辰大厦,朝阳,建外大街,朝阳门北大街乙12号,2号线,朝阳门,394,2005年,二三环之间
甜水园东街5号院,朝阳,团结湖,甜水园东街5号,14号线(东),金台路,190,1986年,三四环之间
甜北街小区,朝阳,团结湖,"马道口东街,近水碓子中街",14号线(东),金台路,375,1980年,三四环之间
星城国际,朝阳,酒仙桥,酒仙桥路甲10号,14号线(东),望京南,954,2002年,四五环之间
大郊亭北街16号院,朝阳,南磨房,大郊亭北街16号,7号线,大郊亭,427,2002年,三四环之间
北京花园,朝阳,三元桥,安家楼38号,14号线(东),东风北桥,1017,2004年,三四环之间
珠江帝景(D区),朝阳,南磨房,"大郊亭中街,近黄辛庄路",7号线,九龙山,613,2000年,三四环之间
峻峰华亭,朝阳,健翔桥,北辰西路69号,8号线,奥体中心,654,2002年,三四环之间
金隅可乐,朝阳,双桥,双桥路,八通线,双桥,740,2009年,五六环之间
朗廷,朝阳,管庄,朝阳路,八通线,管庄,258,2008年,五六环之间
周庄嘉园7号院,朝阳,十里河,西大望南路,14号线(东),北工大西门,1372,2002年,三四环之间
周庄嘉园南里,朝阳,十里河,西大望南路,10号线,十里河,1547,2000年,三四环之间
西大望路37号院,朝阳,松榆里,西大望路37号,14号线(东),九龙山,348,2003年,三四环之间
金地名京,朝阳,四惠,力源里北街2号,1号线,四惠,187,2009年,四五环之间
万科金阳国际公寓,朝阳,朝阳周边,石佛营东里138号,6号线,十里堡,1538,2008年,四五环之间
住总香榭8号,朝阳,南磨房,西大望路24号,7号线,九龙山,239,2017年,三四环之间
专利局家属院,朝阳,惠新西街,北四环东路116号,5号线,惠新西街北口,177,2010年,三四环之间
福盈家园1号院(福盈家园西区),朝阳,定福庄,三间房西路1号,6号线,褡裢坡,500,2012年,五六环之间
砖角楼北里,朝阳,柳芳,东土城路,13号线,柳芳,289,1959年,二三环之间
润泽庄园墅郡,朝阳,北苑,"水岸南街,近北苑东路",13号线,北苑,1114,2013年,五六环之间
建外SOHO(东区),朝阳,建外大街,东三环中路39号,1号线,国贸,343,2000年,二三环之间
建外SOHO(东区别墅),朝阳,建外大街,东三环中路39号,1号线,国贸,344,2000年,二三环之间
建外SOHO(西区),朝阳,建外大街,东三环中路39号,1号线,永安里,527,2000年,二三环之间
合生麒麟社,朝阳,望京,阜通西大街,14号线(东),望京,732,2011年,四五环之间
东亚望京中心,朝阳,望京,广顺南大街,14号线(东),阜通,137,2008年,四五环之间
东方郁金香,朝阳,北苑,安立路,13号线,立水桥,269,2009年,五六环之间
湖光壹号,朝阳,望京,湖光中街,15号线,望京西,367,2017年,四五环之间
首开国风尚樾,朝阳,来广营,南湖南路,14号线(东),阜通,827,2018年,四五环之间
芳北巷小区,朝阳,朝外大街,芳草地北巷2号,6号线,东大桥,304,2000年,二三环之间
远洋光华国际,朝阳,建外大街,朝阳区光华路7号,10号线,金台夕照,664,25.00,二三环之间
置地公馆,朝阳,太阳宫,曙光西里甲5号,机场线,三元桥,225,2005年,三四环之间
阳光广场,朝阳,亚运村,安立路68号,15号线,安立路,473,2006年,四五环之间
富临中心,朝阳,望京,广顺北大街33号,14号线(东),望京,425,2000年,四五环之间
世贸国际公寓,朝阳,工体,光华路甲9号,1号线,永安里,692,2002年,二三环之间
LOFTEL(商住楼),朝阳,望京,湖光中街1号,15号线,望京,231,2005年,四五环之间
泰利明苑,朝阳,安贞,安外外馆斜街甲1号,8号线,安德里北街,1099,1997年,二三环之间
锐城国际,朝阳,朝青板块,朝阳路71号,八通线,高碑店,906,2004年,四五环之间
华瀚国际,朝阳,百子湾,世纪东方城102号,7号线,南楼梓庄,866,2010年,四五环之间
首开东都汇公寓,朝阳,常营,朝阳北路11号,6号线,草房,629,2010年,五六环之间
朗庭大厦,朝阳,管庄,朝阳路8号,八通线,管庄,238,2013年,五六环之间
世桥国贸公寓,朝阳,双井,东三环中路乙16号,10号线,双井,640,2003年,三四环之间
太阳国际公馆,朝阳,太阳宫,西坝河北里27号,10号线,太阳宫,623,2002年,三四环之间
亮马水晶,朝阳,酒仙桥,酒仙桥南路9号,14号线(东),东风北桥,454,2000年,四五环之间
京友公寓,朝阳,安贞,裕民路12号,10号线,健德门,332,2000年,三四环之间
华展国际公寓,朝阳,安贞,裕民路12号,10号线,健德门,419,1999年,三四环之间
昆仑公寓,朝阳,三里屯,新源南路甲2号,10号线,亮马桥,343,2001年,二三环之间
领地OFFICE,朝阳,北苑,北苑路13号,5号线,立水桥南,171,2005年,五六环之间
荣尊堡国际俱乐部公寓,朝阳,亚运村,科荟路8号,5号线,大屯路东,625,2004年,四五环之间
景龙国际(商住楼),朝阳,北苑,拂林路9号,5号线,北苑路北,830,2005年,五六环之间
天朗园,朝阳,北苑,红军营南路,5号线,北苑路北,369,2005年,五六环之间
旺座中心,朝阳,建外大街,关东店南街2号,10号线,金台夕照,368,2003年,二三环之间
华腾国际,朝阳,南磨房,大郊亭中街2号,7号线,大郊亭,616,2006年,三四环之间
中天国际公寓,朝阳,北沙滩,北沙滩7号,15号线,北沙滩,623,2007年,四五环之间
北辰福第(南区),朝阳,常营,常营中路6号,6号线,常营,319,2008年,五六环之间
胡家园社区(西区),朝阳,三里屯,东直门外小街,机场线,东直门,704,2015年,二三环之间
双合小区D区(建工双合家园D区),朝阳,垡头,双合中路4号,7号线,双合,531,2004年,四五环之间
双合小区C区(建工双合家园C区),朝阳,垡头,双合中路3号,7号线,双合,279,2004年,四五环之间
北京城建福润四季B区,朝阳,东坝,管庄路,7号线,双合,279,2014年,五六环之间
和乔丽致,朝阳,CBD,光华路甲8号,14号线(东),大望路,567,2003年,三四环之间
左家庄12号院,朝阳,柳芳,香河园北街,13号线,东直门,1072,2015年,二三环之间
延静西里,朝阳,大望路,朝阳北路,6号线,金台路,538,2001年,三四环之间
万豪国际公寓,朝阳,建外大街,灵通观5号,1号线,永安里,399,2001年,二三环之间
远洋新干线,朝阳,三元桥,霄云路,10号线,三元桥,410,2005年,三四环之间
SOHO现代城,朝阳,CBD,建国路88号,1号线,大望路,216,1999年,三四环之间
泰悦豪庭,朝阳,东大桥,南三里屯路16号,6号线,东大桥,671,2003年,二三环之间
北京财富中心公寓,朝阳,建外大街,东三环中路7号,10号线,金台夕照,298,2005年,二三环之间
美立方(商住楼),朝阳,北苑,双营路11号,5号线,立水桥南,457,2011年,五六环之间
朝阳门北大街12号小区,朝阳,建外大街,朝阳门北大街12号,2号线,朝阳门,388,20.00,二三环之间
朝庭公寓,朝阳,望京,阜荣街8号,14号线(东),望京南,417,2008年,四五环之间
朝外外交部宿舍,朝阳,朝外大街,朝阳门南大街,2号线,朝阳门,392,2008年,二三环之间
朝外芳草地社区,朝阳,朝外大街,坛北路,6号线,东大桥,546,40.00,二三环之间
朝新嘉园东里五区,朝阳,东坝,驹子房路,6号线,东大桥,546,2006年,五六环之间
朝新嘉园东里四区,朝阳,东坝,驹子房路,6号线,褡裢坡,2581,2006年,五六环之间
朝新嘉园东里二区,朝阳,东坝,驹子房路,6号线,褡裢坡,2815,2006年,五六环之间
朝新嘉园东里一区,朝阳,东坝,驹子房路,6号线,褡裢坡,2901,2006年,五六环之间
首开畅颐园,朝阳,东坝,七棵树路,6号线,褡裢坡,2901,2000年,五六环之间
金盏嘉园D区,朝阳,大山子,金港南路,6号线,褡裢坡,2901,2000年,五六环之间
金盏嘉园C区,朝阳,大山子,金港南路,6号线,褡裢坡,2901,2000年,五六环之间
光彩国际公寓,朝阳,建外大街,工人体育场西路18号,6号线,东大桥,797,2003年,二三环之间
首开幸福广场,朝阳,三里屯,新东路38-40号,10号线,团结湖,1128,2005年,二三环之间
昆泰国际公寓,朝阳,朝外大街,朝阳门外大街乙12号,2号线,朝阳门,679,2005年,二三环之间
恋日国际,朝阳,CBD,南郎家园18号,10号线,国贸,478,2002年,三四环之间
管庄北二里小区,朝阳,管庄,常营南路45号,6号线,常营,704,2013年,五六环之间
东三环南路小区,朝阳,南磨房,东三环南路46号,10号线,双井,260,2000年,三四环之间
北纬40度(西区),朝阳,来广营,来广营西路7号,14号线(东),来广营,361,2008年,五六环之间
新华联丽港(商住楼),朝阳,酒仙桥,酒仙桥中路26号,14号线(东),将台,595,2008年,四五环之间
优士阁(商住楼),朝阳,劲松,广渠门外大街8号,10号线,双井,217,2003年,二三环之间
东郊木材厂宿舍,朝阳,酒仙桥,姚家园路,6号线,青年路,1908,2003年,四五环之间
东军庄,朝阳,管庄,朝阳路,6号线,草房,939,2003年,五六环之间
辰芳园,朝阳,北沙滩,大屯路,15号线,北沙滩,897,2000年,四五环之间
晨光家园A区,朝阳,石佛营,朝阳北路,6号线,十里堡,448,1999年,四五环之间
财富城堡,朝阳,来广营,康营东路,15号线,孙河,2424,2012年,四五环之间
东湖湾(西区),朝阳,望京,利泽西街8号,14号线(东),东湖渠,693,2008年,四五环之间
三空间,朝阳,亚运村小营,北四环东路115号,5号线,惠新西街北口,430,2005年,四五环之间
中弘北京像素南区,朝阳,常营,五里桥二街2号,6号线,草房,323,2009年,五六环之间
泛海容郡,朝阳,朝阳公园,星火西路7号,6号线,十里堡,2181,2016年,四五环之间
蓝堡国际公寓,朝阳,CBD,西大望路3号,14号线(东),大望路,289,2005年,三四环之间
东旭花园(别墅),朝阳,双桥,双桥东路18号,八通线,果园,2898,1996年,五六环之间
碧海方舟(别墅),朝阳,亚运村小营,鼎成路6号,13号线,望京西,749,2003年,四五环之间
山水文园西园(别墅),朝阳,松榆里,弘燕路,10号线,十里河,610,2002年,三四环之间
保利首开天誉(别墅),朝阳,东坝,七棵树路,10号线,十里河,610,2017年,五六环之间
周庄嘉园6号院,朝阳,十里河,西大望南路,14号线(东),北工大西门,1666,2000年,三四环之间
周庄嘉园4号院,朝阳,十里河,西大望南路,7号线,欢乐谷景区,1697,2000年,三四环之间
倚林佳园(别墅),朝阳,奥林匹克公园,林萃路,8号线,林萃桥,814,2002年,四五环之间
亚运新新家园(别墅),朝阳,亚运村,辛店路1号,15号线,关庄,877,2014年,四五环之间
京泰自主城,朝阳,十八里店,博大路,亦庄线,小红门,1488,2010年,四五环之间
时代庄园(别墅),朝阳,北苑,红军营东路18号,13号线,北苑,362,2003年,五六环之间
首城珑玺(别墅),朝阳,东坝,七棵树路,13号线,北苑,362,2017年,五六环之间
首开琅樾(别墅),朝阳,孙河,京平高速,15号线,孙河,1393,2015年,五六环之间
泰禾北京院子(一期),朝阳,来广营,"顺黄路,近京沈路",15号线,孙河,1347,2015年,五六环之间
嘉林花园(别墅),朝阳,酒仙桥,嘉林路甲1号,14号线(东),将台,840,1995年,四五环之间
江南山水(别墅),朝阳,十八里店,红坊路6号,亦庄线,小红门,1258,2011年,四五环之间
人事部宿舍,朝阳,柳芳,香河园北街,13号线,东直门,929,2011年,二三环之间
齿轮厂家属院,朝阳,高碑店,朝阳路,6号线,褡裢坡,1180,2005年,五六环之间
杰座大厦,朝阳,三里屯,幸福村中路55号,机场线,东直门,1005,2003年,二三环之间
明天第一城8号院,朝阳,北苑,立清路8号,13号线,立水桥,701,2007年,五六环之间
玲珑山,朝阳,双桥,北花园街,八通线,传媒大学,916,2013年,五六环之间
明天第一城7号院,朝阳,北苑,立清路7号,5号线,立水桥,768,2007年,五六环之间
定福家园南里3号院,朝阳,定福庄,朝阳北路,6号线,褡裢坡,166,2006年,五六环之间
国际港,朝阳,三元桥,东三环北路戊2号,10号线,三元桥,270,2001年,三四环之间
中国科学院科学园小区,朝阳,北沙滩,科学园南里东街10号,8号线,奥林匹克公园,1021,2001年,四五环之间
中国铁建花语城,朝阳,北苑,水岸南街2号,13号线,北苑,918,2012年,五六环之间
中海安德鲁斯庄园(西区),朝阳,百子湾,高碑店路181号,7号线,化工,1513,2006年,四五环之间
中海安德鲁斯庄园(东区),朝阳,百子湾,高碑店路181号,7号线,化工,1841,2006年,四五环之间
财富公馆,朝阳,来广营,康营中街9号,15号线,孙河,1925,2012年,五六环之间
中弘北京像素北区,朝阳,常营,五里桥一街1号,6号线,草房,362,2009年,五六环之间
广渠金茂府(西区),朝阳,双井,广渠路25号,7号线,大郊亭,331,2013年,三四环之间
金都杭城(西区),朝阳,百子湾,百子湾路,7号线,百子湾,796,2005年,四五环之间
金都杭城(东区),朝阳,百子湾,百子湾路,7号线,百子湾,835,2005年,四五环之间
广渠金茂府(东区),朝阳,双井,广渠路23号,7号线,大郊亭,108,2014年,三四环之间
金徽公寓,朝阳,来广营,顺黄路,14号线(东),善各庄,2527,2014年,五六环之间
金辉家园,朝阳,百子湾,广渠东路,7号线,化工,1141,2014年,四五环之间
金石美苑,朝阳,望京,南湖南路16号,14号线(东),阜通,604,2012年,四五环之间
汇景苑四区,朝阳,东坝,朝阳区平房路,14号线(东),阜通,604,2016年,五六环之间
金盏嘉园B区,朝阳,大山子,长店大街,14号线(东),阜通,604,2016年,五六环之间
金泽家园B区,朝阳,东坝,康各庄路,14号线(东),阜通,604,2012年,五六环之间
金泽家园C区,朝阳,东坝,康各庄路,14号线(东),阜通,604,2012年,五六环之间
水南庄壹号,朝阳,四惠,惠河南街,八通线,四惠东,466,30.00,四五环之间
黄寺大街36号院,朝阳,安贞,黄寺大街36号,8号线,安华桥,296,2000年,二三环之间
双会小区,朝阳,管庄,双桥东路1号,八通线,管庄,63,2000年,五六环之间
远洋万和城(A区),朝阳,亚运村小营,成慧路,15号线,关庄,1007,2009年,四五环之间
远洋万和城(B区),朝阳,亚运村小营,成慧路,15号线,关庄,963,2009年,四五环之间
远洋万和城(C区),朝阳,亚运村小营,北四环东路73号,15号线,关庄,1102,2008年,四五环之间
黄木厂路6号院,朝阳,双井,黄木厂路6号,10号线,双井,546,1990年,三四环之间
非常生活,朝阳,双井,黄木厂路1号,10号线,双井,577,2003年,三四环之间
小关东街小区,朝阳,芍药居,小关东街10号,10号线,安贞门,478,1996年,三四环之间
远洋一方润园(西北区),朝阳,双桥,塔营北街3号,八通线,管庄,808,2012年,五六环之间
远洋一方润园(东区),朝阳,双桥,塔营北街2号,八通线,管庄,884,2010年,五六环之间
远洋一方溪语苑,朝阳,双桥,双桥东路,八通线,管庄,1084,2012年,五六环之间
远洋一方润园(东北区),朝阳,双桥,塔营北街1号,八通线,管庄,724,2010年,五六环之间
山水蓝维欧雷山,朝阳,北苑,北苑东路,13号线,北苑,864,30.00,五六环之间
山水蓝维,朝阳,媒体村,红军营东路,13号线,北苑,615,30.00,五六环之间
嘉铭桐城(B区),朝阳,亚运村小营,北苑路,15号线,关庄,210,2002年,四五环之间
嘉铭桐城(F区),朝阳,亚运村小营,北苑路,15号线,大屯路东,461,2000年,四五环之间
嘉铭桐城(E区),朝阳,亚运村小营,北苑路,15号线,关庄,336,2006年,四五环之间
嘉铭桐城(D区),朝阳,亚运村小营,北苑路,15号线,关庄,493,2005年,四五环之间
