region_name,town_name,street_name,region_url
朝阳,安慧桥,-,https://bj.58.com/chaoyang/chuzu/
朝阳,安贞,-,https://bj.58.com/chaoyang/chuzu/
朝阳,奥林匹克公园,-,https://bj.58.com/chaoyang/chuzu/
朝阳,百子湾,-,https://bj.58.com/chaoyang/chuzu/
朝阳,八里庄,-,https://bj.58.com/chaoyang/chuzu/
朝阳,北沙滩,-,https://bj.58.com/chaoyang/chuzu/
朝阳,北苑,-,https://bj.58.com/chaoyang/chuzu/
朝阳,CBD,-,https://bj.58.com/chaoyang/chuzu/
朝阳,常营,-,https://bj.58.com/chaoyang/chuzu/
朝阳,朝青板块,-,https://bj.58.com/chaoyang/chuzu/
朝阳,朝外大街,-,https://bj.58.com/chaoyang/chuzu/
朝阳,朝阳公园,-,https://bj.58.com/chaoyang/chuzu/
朝阳,朝阳周边,-,https://bj.58.com/chaoyang/chuzu/
朝阳,慈云寺,-,https://bj.58.com/chaoyang/chuzu/
朝阳,大山子,-,https://bj.58.com/chaoyang/chuzu/
朝阳,大屯,-,https://bj.58.com/chaoyang/chuzu/
朝阳,大望路,-,https://bj.58.com/chaoyang/chuzu/
朝阳,定福庄,-,https://bj.58.com/chaoyang/chuzu/
朝阳,东坝,-,https://bj.58.com/chaoyang/chuzu/
朝阳,东大桥,-,https://bj.58.com/chaoyang/chuzu/
朝阳,豆各庄,-,https://bj.58.com/chaoyang/chuzu/
朝阳,垡头,-,https://bj.58.com/chaoyang/chuzu/
朝阳,甘露园,-,https://bj.58.com/chaoyang/chuzu/
朝阳,高碑店,-,https://bj.58.com/chaoyang/chuzu/
朝阳,工体,-,https://bj.58.com/chaoyang/chuzu/
朝阳,管庄,-,https://bj.58.com/chaoyang/chuzu/
朝阳,国贸,-,https://bj.58.com/chaoyang/chuzu/
朝阳,国展,-,https://bj.58.com/chaoyang/chuzu/
朝阳,和平街,-,https://bj.58.com/chaoyang/chuzu/
朝阳,红庙,-,https://bj.58.com/chaoyang/chuzu/
朝阳,花家地,-,https://bj.58.com/chaoyang/chuzu/
朝阳,欢乐谷,-,https://bj.58.com/chaoyang/chuzu/
朝阳,华威桥,-,https://bj.58.com/chaoyang/chuzu/
朝阳,惠新里,-,https://bj.58.com/chaoyang/chuzu/
朝阳,惠新西街,-,https://bj.58.com/chaoyang/chuzu/
朝阳,呼家楼,-,https://bj.58.com/chaoyang/chuzu/
朝阳,将台路,-,https://bj.58.com/chaoyang/chuzu/
朝阳,建外大街,-,https://bj.58.com/chaoyang/chuzu/
朝阳,健翔桥,-,https://bj.58.com/chaoyang/chuzu/
朝阳,京广桥,-,https://bj.58.com/chaoyang/chuzu/
朝阳,劲松,-,https://bj.58.com/chaoyang/chuzu/
朝阳,酒仙桥,-,https://bj.58.com/chaoyang/chuzu/
朝阳,来广营,-,https://bj.58.com/chaoyang/chuzu/
朝阳,柳芳,-,https://bj.58.com/chaoyang/chuzu/
朝阳,麦子店,-,https://bj.58.com/chaoyang/chuzu/
朝阳,媒体村,-,https://bj.58.com/chaoyang/chuzu/
朝阳,南磨房,-,https://bj.58.com/chaoyang/chuzu/
朝阳,南沙滩,-,https://bj.58.com/chaoyang/chuzu/
朝阳,农业展览馆,-,https://bj.58.com/chaoyang/chuzu/
朝阳,潘家园,-,https://bj.58.com/chaoyang/chuzu/
朝阳,三里屯,-,https://bj.58.com/chaoyang/chuzu/
朝阳,三元桥,-,https://bj.58.com/chaoyang/chuzu/
朝阳,芍药居,-,https://bj.58.com/chaoyang/chuzu/
朝阳,胜古,-,https://bj.58.com/chaoyang/chuzu/
朝阳,十八里店,-,https://bj.58.com/chaoyang/chuzu/
朝阳,石佛营,-,https://bj.58.com/chaoyang/chuzu/
朝阳,十里堡,-,https://bj.58.com/chaoyang/chuzu/
朝阳,十里河,-,https://bj.58.com/chaoyang/chuzu/
朝阳,首都机场,-,https://bj.58.com/chaoyang/chuzu/
朝阳,双井,-,https://bj.58.com/chaoyang/chuzu/
朝阳,双桥,-,https://bj.58.com/chaoyang/chuzu/
朝阳,水碓子,-,https://bj.58.com/chaoyang/chuzu/
朝阳,四惠,-,https://bj.58.com/chaoyang/chuzu/
朝阳,松榆里,-,https://bj.58.com/chaoyang/chuzu/
朝阳,孙河,-,https://bj.58.com/chaoyang/chuzu/
朝阳,太阳宫,-,https://bj.58.com/chaoyang/chuzu/
朝阳,甜水园,-,https://bj.58.com/chaoyang/chuzu/
朝阳,团结湖,-,https://bj.58.com/chaoyang/chuzu/
朝阳,望京,-,https://bj.58.com/chaoyang/chuzu/
朝阳,小关,-,https://bj.58.com/chaoyang/chuzu/
朝阳,小红门,-,https://bj.58.com/chaoyang/chuzu/
朝阳,西坝河,-,https://bj.58.com/chaoyang/chuzu/
朝阳,燕莎,-,https://bj.58.com/chaoyang/chuzu/
朝阳,姚家园,-,https://bj.58.com/chaoyang/chuzu/
朝阳,亚运村,-,https://bj.58.com/chaoyang/chuzu/
朝阳,亚运村小营,-,https://bj.58.com/chaoyang/chuzu/
朝阳,左家庄,-,https://bj.58.com/chaoyang/chuzu/
海淀,安宁庄,-,https://bj.58.com/haidian/chuzu/
海淀,白石桥,-,https://bj.58.com/haidian/chuzu/
海淀,北航,-,https://bj.58.com/haidian/chuzu/
海淀,北京大学,-,https://bj.58.com/haidian/chuzu/
海淀,北太平庄,-,https://bj.58.com/haidian/chuzu/
海淀,北洼路,-,https://bj.58.com/haidian/chuzu/
海淀,厂洼,-,https://bj.58.com/haidian/chuzu/
海淀,车道沟,-,https://bj.58.com/haidian/chuzu/
海淀,大钟寺,-,https://bj.58.com/haidian/chuzu/
海淀,定慧寺,-,https://bj.58.com/haidian/chuzu/
海淀,恩济里,-,https://bj.58.com/haidian/chuzu/
海淀,二里庄,-,https://bj.58.com/haidian/chuzu/
海淀,甘家口,-,https://bj.58.com/haidian/chuzu/
海淀,公主坟,-,https://bj.58.com/haidian/chuzu/
海淀,海淀周边,-,https://bj.58.com/haidian/chuzu/
海淀,航天桥,-,https://bj.58.com/haidian/chuzu/
海淀,花园桥,-,https://bj.58.com/haidian/chuzu/
海淀,交通大学,-,https://bj.58.com/haidian/chuzu/
海淀,蓟门桥,-,https://bj.58.com/haidian/chuzu/
海淀,金沟河,-,https://bj.58.com/haidian/chuzu/
海淀,军博,-,https://bj.58.com/haidian/chuzu/
海淀,联想桥,-,https://bj.58.com/haidian/chuzu/
海淀,马甸,-,https://bj.58.com/haidian/chuzu/
海淀,马连洼,-,https://bj.58.com/haidian/chuzu/
海淀,明光桥,-,https://bj.58.com/haidian/chuzu/
海淀,牡丹园,-,https://bj.58.com/haidian/chuzu/
海淀,清河,-,https://bj.58.com/haidian/chuzu/
海淀,清华大学,-,https://bj.58.com/haidian/chuzu/
海淀,人民大学,-,https://bj.58.com/haidian/chuzu/
海淀,上地,-,https://bj.58.com/haidian/chuzu/
海淀,上庄,-,https://bj.58.com/haidian/chuzu/
海淀,世纪城,-,https://bj.58.com/haidian/chuzu/
海淀,双榆树,-,https://bj.58.com/haidian/chuzu/
海淀,四季青,-,https://bj.58.com/haidian/chuzu/
海淀,苏州街,-,https://bj.58.com/haidian/chuzu/
海淀,苏州桥,-,https://bj.58.com/haidian/chuzu/
海淀,田村,-,https://bj.58.com/haidian/chuzu/
海淀,万柳,-,https://bj.58.com/haidian/chuzu/
海淀,万泉河,-,https://bj.58.com/haidian/chuzu/
海淀,万寿路,-,https://bj.58.com/haidian/chuzu/
海淀,万寿寺,-,https://bj.58.com/haidian/chuzu/
海淀,魏公村,-,https://bj.58.com/haidian/chuzu/
海淀,温泉,-,https://bj.58.com/haidian/chuzu/
海淀,五彩城,-,https://bj.58.com/haidian/chuzu/
海淀,五道口,-,https://bj.58.com/haidian/chuzu/
海淀,五棵松,-,https://bj.58.com/haidian/chuzu/
海淀,五路居,-,https://bj.58.com/haidian/chuzu/
海淀,香山,-,https://bj.58.com/haidian/chuzu/
海淀,肖家河,-,https://bj.58.com/haidian/chuzu/
海淀,小西天,-,https://bj.58.com/haidian/chuzu/
海淀,西八里庄,-,https://bj.58.com/haidian/chuzu/
海淀,西北旺,-,https://bj.58.com/haidian/chuzu/
海淀,西二旗,-,https://bj.58.com/haidian/chuzu/
海淀,西三旗,-,https://bj.58.com/haidian/chuzu/
海淀,西山,-,https://bj.58.com/haidian/chuzu/
海淀,西苑,-,https://bj.58.com/haidian/chuzu/
海淀,学院路,-,https://bj.58.com/haidian/chuzu/
海淀,学院路北,-,https://bj.58.com/haidian/chuzu/
海淀,永定路,-,https://bj.58.com/haidian/chuzu/
海淀,皂君庙,-,https://bj.58.com/haidian/chuzu/
海淀,增光路,-,https://bj.58.com/haidian/chuzu/
海淀,知春路,-,https://bj.58.com/haidian/chuzu/
海淀,中关村,-,https://bj.58.com/haidian/chuzu/
海淀,紫竹桥,-,https://bj.58.com/haidian/chuzu/
昌平,百善,-,https://bj.58.com/changping/chuzu/
昌平,北七家,-,https://bj.58.com/changping/chuzu/
昌平,昌平县城,-,https://bj.58.com/changping/chuzu/
昌平,昌平周边,-,https://bj.58.com/changping/chuzu/
昌平,城北,-,https://bj.58.com/changping/chuzu/
昌平,城南,-,https://bj.58.com/changping/chuzu/
昌平,东小口,-,https://bj.58.com/changping/chuzu/
昌平,回龙观,-,https://bj.58.com/changping/chuzu/
昌平,霍营,-,https://bj.58.com/changping/chuzu/
昌平,立水桥,-,https://bj.58.com/changping/chuzu/
昌平,龙域,-,https://bj.58.com/changping/chuzu/
昌平,龙泽,-,https://bj.58.com/changping/chuzu/
昌平,南口,-,https://bj.58.com/changping/chuzu/
昌平,南邵镇,-,https://bj.58.com/changping/chuzu/
昌平,沙河,-,https://bj.58.com/changping/chuzu/
昌平,天通苑,-,https://bj.58.com/changping/chuzu/
昌平,小汤山北,-,https://bj.58.com/changping/chuzu/
昌平,小汤山南,-,https://bj.58.com/changping/chuzu/
昌平,阳坊,-,https://bj.58.com/changping/chuzu/
丰台,北大地,-,https://bj.58.com/fengtai/chuzu/
丰台,菜户营,-,https://bj.58.com/fengtai/chuzu/
丰台,草桥,-,https://bj.58.com/fengtai/chuzu/
丰台,长辛店,-,https://bj.58.com/fengtai/chuzu/
丰台,成寿寺,-,https://bj.58.com/fengtai/chuzu/
丰台,大红门,-,https://bj.58.com/fengtai/chuzu/
丰台,东大街,-,https://bj.58.com/fengtai/chuzu/
丰台,东高地,-,https://bj.58.com/fengtai/chuzu/
丰台,东铁匠营,-,https://bj.58.com/fengtai/chuzu/
丰台,方庄,-,https://bj.58.com/fengtai/chuzu/
丰台,丰台路,-,https://bj.58.com/fengtai/chuzu/
丰台,丰台体育馆,-,https://bj.58.com/fengtai/chuzu/
丰台,丰台周边,-,https://bj.58.com/fengtai/chuzu/
丰台,丰益桥,-,https://bj.58.com/fengtai/chuzu/
丰台,和义,-,https://bj.58.com/fengtai/chuzu/
丰台,花乡,-,https://bj.58.com/fengtai/chuzu/
丰台,角门,-,https://bj.58.com/fengtai/chuzu/
丰台,嘉园,-,https://bj.58.com/fengtai/chuzu/
丰台,看丹桥,-,https://bj.58.com/fengtai/chuzu/
丰台,科技园区,-,https://bj.58.com/fengtai/chuzu/
丰台,莲花池,-,https://bj.58.com/fengtai/chuzu/
丰台,刘家窑,-,https://bj.58.com/fengtai/chuzu/
丰台,六里桥,-,https://bj.58.com/fengtai/chuzu/
丰台,丽泽桥,-,https://bj.58.com/fengtai/chuzu/
丰台,卢沟桥,-,https://bj.58.com/fengtai/chuzu/
丰台,马家堡,-,https://bj.58.com/fengtai/chuzu/
丰台,木樨园,-,https://bj.58.com/fengtai/chuzu/
丰台,南苑,-,https://bj.58.com/fengtai/chuzu/
丰台,蒲黄榆,-,https://bj.58.com/fengtai/chuzu/
丰台,七里庄,-,https://bj.58.com/fengtai/chuzu/
丰台,青塔,-,https://bj.58.com/fengtai/chuzu/
丰台,世界公园,-,https://bj.58.com/fengtai/chuzu/
丰台,石榴庄,-,https://bj.58.com/fengtai/chuzu/
丰台,宋家庄,-,https://bj.58.com/fengtai/chuzu/
丰台,太平桥,-,https://bj.58.com/fengtai/chuzu/
丰台,五里店,-,https://bj.58.com/fengtai/chuzu/
丰台,小屯路,-,https://bj.58.com/fengtai/chuzu/
丰台,西客站,-,https://bj.58.com/fengtai/chuzu/
丰台,西罗园,-,https://bj.58.com/fengtai/chuzu/
丰台,新发地,-,https://bj.58.com/fengtai/chuzu/
丰台,新宫,-,https://bj.58.com/fengtai/chuzu/
丰台,洋桥,-,https://bj.58.com/fengtai/chuzu/
丰台,右安门,-,https://bj.58.com/fengtai/chuzu/
丰台,岳各庄,-,https://bj.58.com/fengtai/chuzu/
丰台,云岗,-,https://bj.58.com/fengtai/chuzu/
丰台,玉泉营,-,https://bj.58.com/fengtai/chuzu/
丰台,赵公口,-,https://bj.58.com/fengtai/chuzu/
丰台,总部基地,-,https://bj.58.com/fengtai/chuzu/
丰台,左安门,-,https://bj.58.com/fengtai/chuzu/
大兴,滨河,-,https://bj.58.com/daxing/chuzu/
大兴,磁各庄,-,https://bj.58.com/daxing/chuzu/
大兴,大兴周边,-,https://bj.58.com/daxing/chuzu/
大兴,高米店,-,https://bj.58.com/daxing/chuzu/
大兴,观音寺,-,https://bj.58.com/daxing/chuzu/
大兴,海子角,-,https://bj.58.com/daxing/chuzu/
大兴,河西区,-,https://bj.58.com/daxing/chuzu/
大兴,黄村,-,https://bj.58.com/daxing/chuzu/
大兴,旧宫,-,https://bj.58.com/daxing/chuzu/
大兴,林校路,-,https://bj.58.com/daxing/chuzu/
大兴,庞各庄,-,https://bj.58.com/daxing/chuzu/
大兴,清源,-,https://bj.58.com/daxing/chuzu/
大兴,生物医药基地,-,https://bj.58.com/daxing/chuzu/
大兴,同兴园,-,https://bj.58.com/daxing/chuzu/
大兴,西红门,-,https://bj.58.com/daxing/chuzu/
大兴,兴丰大街,-,https://bj.58.com/daxing/chuzu/
大兴,兴华大街,-,https://bj.58.com/daxing/chuzu/
大兴,兴业大街,-,https://bj.58.com/daxing/chuzu/
大兴,瀛海镇,-,https://bj.58.com/daxing/chuzu/
大兴,亦庄,-,https://bj.58.com/daxing/chuzu/
大兴,亦庄东区,-,https://bj.58.com/daxing/chuzu/
大兴,亦庄西区,-,https://bj.58.com/daxing/chuzu/
大兴,郁花园,-,https://bj.58.com/daxing/chuzu/
大兴,枣园,-,https://bj.58.com/daxing/chuzu/
通州,八里桥,-,https://bj.58.com/tongzhouqu/chuzu/
通州,八通轻轨沿线,-,https://bj.58.com/tongzhouqu/chuzu/
通州,北关,-,https://bj.58.com/tongzhouqu/chuzu/
通州,北关环岛,-,https://bj.58.com/tongzhouqu/chuzu/
通州,次渠,-,https://bj.58.com/tongzhouqu/chuzu/
通州,东关,-,https://bj.58.com/tongzhouqu/chuzu/
通州,果园,-,https://bj.58.com/tongzhouqu/chuzu/
通州,九棵树,-,https://bj.58.com/tongzhouqu/chuzu/
通州,漷县,-,https://bj.58.com/tongzhouqu/chuzu/
通州,临河里,-,https://bj.58.com/tongzhouqu/chuzu/
通州,梨园,-,https://bj.58.com/tongzhouqu/chuzu/
通州,潞城,-,https://bj.58.com/tongzhouqu/chuzu/
通州,潞苑,-,https://bj.58.com/tongzhouqu/chuzu/
通州,马驹桥,-,https://bj.58.com/tongzhouqu/chuzu/
通州,乔庄,-,https://bj.58.com/tongzhouqu/chuzu/
通州,宋庄,-,https://bj.58.com/tongzhouqu/chuzu/
通州,台湖镇,-,https://bj.58.com/tongzhouqu/chuzu/
通州,通州北苑,-,https://bj.58.com/tongzhouqu/chuzu/
通州,通州周边,-,https://bj.58.com/tongzhouqu/chuzu/
通州,土桥,-,https://bj.58.com/tongzhouqu/chuzu/
通州,武夷花园,-,https://bj.58.com/tongzhouqu/chuzu/
通州,物资学院路,-,https://bj.58.com/tongzhouqu/chuzu/
通州,新华大街,-,https://bj.58.com/tongzhouqu/chuzu/
通州,永乐店,-,https://bj.58.com/tongzhouqu/chuzu/
通州,永顺,-,https://bj.58.com/tongzhouqu/chuzu/
通州,运河大街,-,https://bj.58.com/tongzhouqu/chuzu/
通州,玉桥,-,https://bj.58.com/tongzhouqu/chuzu/
通州,张家湾,-,https://bj.58.com/tongzhouqu/chuzu/
通州,中仓,-,https://bj.58.com/tongzhouqu/chuzu/
房山,长阳,-,https://bj.58.com/fangshan/chuzu/
房山,窦店,-,https://bj.58.com/fangshan/chuzu/
房山,房山城关,-,https://bj.58.com/fangshan/chuzu/
房山,房山周边,-,https://bj.58.com/fangshan/chuzu/
房山,韩村河,-,https://bj.58.com/fangshan/chuzu/
房山,良乡,-,https://bj.58.com/fangshan/chuzu/
房山,琉璃河,-,https://bj.58.com/fangshan/chuzu/
房山,阎村,-,https://bj.58.com/fangshan/chuzu/
房山,燕山,-,https://bj.58.com/fangshan/chuzu/
房山,迎风,-,https://bj.58.com/fangshan/chuzu/
房山,周口店,-,https://bj.58.com/fangshan/chuzu/
顺义,东方太阳城,-,https://bj.58.com/shunyi/chuzu/
顺义,光明,-,https://bj.58.com/shunyi/chuzu/
顺义,后沙峪,-,https://bj.58.com/shunyi/chuzu/
顺义,建新,-,https://bj.58.com/shunyi/chuzu/
顺义,机场,-,https://bj.58.com/shunyi/chuzu/
顺义,李桥,-,https://bj.58.com/shunyi/chuzu/
顺义,马坡,-,https://bj.58.com/shunyi/chuzu/
顺义,南彩,-,https://bj.58.com/shunyi/chuzu/
顺义,胜利,-,https://bj.58.com/shunyi/chuzu/
顺义,石门,-,https://bj.58.com/shunyi/chuzu/
顺义,石园,-,https://bj.58.com/shunyi/chuzu/
顺义,顺义城区,-,https://bj.58.com/shunyi/chuzu/
顺义,顺义周边,-,https://bj.58.com/shunyi/chuzu/
顺义,天竺,-,https://bj.58.com/shunyi/chuzu/
顺义,新国展,-,https://bj.58.com/shunyi/chuzu/
顺义,杨镇,-,https://bj.58.com/shunyi/chuzu/
顺义,裕龙,-,https://bj.58.com/shunyi/chuzu/
顺义,中央别墅区,-,https://bj.58.com/shunyi/chuzu/
西城,白广路,-,https://bj.58.com/xicheng/chuzu/
西城,百万庄,-,https://bj.58.com/xicheng/chuzu/
西城,白纸坊,-,https://bj.58.com/xicheng/chuzu/
西城,菜市口,-,https://bj.58.com/xicheng/chuzu/
西城,长椿街,-,https://bj.58.com/xicheng/chuzu/
西城,车公庄,-,https://bj.58.com/xicheng/chuzu/
西城,椿树街道,-,https://bj.58.com/xicheng/chuzu/
西城,大观园,-,https://bj.58.com/xicheng/chuzu/
西城,大栅栏,-,https://bj.58.com/xicheng/chuzu/
西城,德胜门,-,https://bj.58.com/xicheng/chuzu/
西城,地安门,-,https://bj.58.com/xicheng/chuzu/
西城,阜成门,-,https://bj.58.com/xicheng/chuzu/
西城,复兴门,-,https://bj.58.com/xicheng/chuzu/
西城,广安门内,-,https://bj.58.com/xicheng/chuzu/
西城,广安门外,-,https://bj.58.com/xicheng/chuzu/
西城,官园,-,https://bj.58.com/xicheng/chuzu/
西城,鼓楼,-,https://bj.58.com/xicheng/chuzu/
西城,和平门,-,https://bj.58.com/xicheng/chuzu/
西城,红莲,-,https://bj.58.com/xicheng/chuzu/
西城,虎坊桥,-,https://bj.58.com/xicheng/chuzu/
西城,金融街,-,https://bj.58.com/xicheng/chuzu/
西城,积水潭,-,https://bj.58.com/xicheng/chuzu/
西城,六铺炕,-,https://bj.58.com/xicheng/chuzu/
西城,马连道,-,https://bj.58.com/xicheng/chuzu/
西城,木樨地,-,https://bj.58.com/xicheng/chuzu/
西城,南菜园,-,https://bj.58.com/xicheng/chuzu/
西城,南礼士路,-,https://bj.58.com/xicheng/chuzu/
西城,牛街,-,https://bj.58.com/xicheng/chuzu/
西城,三里河,-,https://bj.58.com/xicheng/chuzu/
西城,什刹海,-,https://bj.58.com/xicheng/chuzu/
西城,陶然亭,-,https://bj.58.com/xicheng/chuzu/
西城,天宁寺,-,https://bj.58.com/xicheng/chuzu/
西城,天桥,-,https://bj.58.com/xicheng/chuzu/
西城,西便门,-,https://bj.58.com/xicheng/chuzu/
西城,西城周边,-,https://bj.58.com/xicheng/chuzu/
西城,西单,-,https://bj.58.com/xicheng/chuzu/
西城,新街口,-,https://bj.58.com/xicheng/chuzu/
西城,西四,-,https://bj.58.com/xicheng/chuzu/
西城,西直门,-,https://bj.58.com/xicheng/chuzu/
西城,宣武门,-,https://bj.58.com/xicheng/chuzu/
西城,宣武周边,-,https://bj.58.com/xicheng/chuzu/
西城,月坛,-,https://bj.58.com/xicheng/chuzu/
西城,展览路,-,https://bj.58.com/xicheng/chuzu/
西城,真武庙,-,https://bj.58.com/xicheng/chuzu/
西城,珠市口,-,https://bj.58.com/xicheng/chuzu/
东城,安定门,-,https://bj.58.com/dongcheng/chuzu/
东城,北京站,-,https://bj.58.com/dongcheng/chuzu/
东城,北新桥,-,https://bj.58.com/dongcheng/chuzu/
东城,朝阳门,-,https://bj.58.com/dongcheng/chuzu/
东城,崇文门,-,https://bj.58.com/dongcheng/chuzu/
东城,磁器口,-,https://bj.58.com/dongcheng/chuzu/
东城,灯市口,-,https://bj.58.com/dongcheng/chuzu/
东城,东城周边,-,https://bj.58.com/dongcheng/chuzu/
东城,东单,-,https://bj.58.com/dongcheng/chuzu/
东城,东花市,-,https://bj.58.com/dongcheng/chuzu/
东城,东四,-,https://bj.58.com/dongcheng/chuzu/
东城,东四十条,-,https://bj.58.com/dongcheng/chuzu/
东城,东直门,-,https://bj.58.com/dongcheng/chuzu/
东城,东直门外,-,https://bj.58.com/dongcheng/chuzu/
东城,法华寺,-,https://bj.58.com/dongcheng/chuzu/
东城,光明楼,-,https://bj.58.com/dongcheng/chuzu/
东城,广渠门,-,https://bj.58.com/dongcheng/chuzu/
东城,海运仓,-,https://bj.58.com/dongcheng/chuzu/
东城,和平里,-,https://bj.58.com/dongcheng/chuzu/
东城,建国门,-,https://bj.58.com/dongcheng/chuzu/
东城,交道口,-,https://bj.58.com/dongcheng/chuzu/
东城,景山,-,https://bj.58.com/dongcheng/chuzu/
东城,龙潭湖,-,https://bj.58.com/dongcheng/chuzu/
东城,前门,-,https://bj.58.com/dongcheng/chuzu/
东城,沙滩,-,https://bj.58.com/dongcheng/chuzu/
东城,天坛,-,https://bj.58.com/dongcheng/chuzu/
东城,体育馆路,-,https://bj.58.com/dongcheng/chuzu/
东城,王府井,-,https://bj.58.com/dongcheng/chuzu/
东城,永定门,-,https://bj.58.com/dongcheng/chuzu/
东城,雍和宫,-,https://bj.58.com/dongcheng/chuzu/
密云,密云城区,-,https://bj.58.com/miyun/chuzu/
密云,不老屯,-,https://bj.58.com/miyun/chuzu/
密云,溪翁庄,-,https://bj.58.com/miyun/chuzu/
密云,密云周边,-,https://bj.58.com/miyun/chuzu/
石景山,八宝山,-,https://bj.58.com/shijingshan/chuzu/
石景山,八大处,-,https://bj.58.com/shijingshan/chuzu/
石景山,八角,-,https://bj.58.com/shijingshan/chuzu/
石景山,广宁,-,https://bj.58.com/shijingshan/chuzu/
石景山,古城,-,https://bj.58.com/shijingshan/chuzu/
石景山,金顶街,-,https://bj.58.com/shijingshan/chuzu/
石景山,老山,-,https://bj.58.com/shijingshan/chuzu/
石景山,鲁谷,-,https://bj.58.com/shijingshan/chuzu/
石景山,模式口,-,https://bj.58.com/shijingshan/chuzu/
石景山,苹果园,-,https://bj.58.com/shijingshan/chuzu/
石景山,石景山周边,-,https://bj.58.com/shijingshan/chuzu/
石景山,五里坨,-,https://bj.58.com/shijingshan/chuzu/
石景山,衙门口,-,https://bj.58.com/shijingshan/chuzu/
石景山,杨庄,-,https://bj.58.com/shijingshan/chuzu/
石景山,玉泉路,-,https://bj.58.com/shijingshan/chuzu/
怀柔,雁栖,-,https://bj.58.com/huairou/chuzu/
怀柔,桥梓,-,https://bj.58.com/huairou/chuzu/
怀柔,怀柔城区,-,https://bj.58.com/huairou/chuzu/
怀柔,渤海镇,-,https://bj.58.com/huairou/chuzu/
怀柔,庙城,-,https://bj.58.com/huairou/chuzu/
怀柔,怀柔周边,-,https://bj.58.com/huairou/chuzu/
门头沟,大峪,-,https://bj.58.com/mentougou/chuzu/
门头沟,东辛房,-,https://bj.58.com/mentougou/chuzu/
门头沟,龙泉,-,https://bj.58.com/mentougou/chuzu/
门头沟,城子街道,-,https://bj.58.com/mentougou/chuzu/
门头沟,永定,-,https://bj.58.com/mentougou/chuzu/
门头沟,潭柘寺,-,https://bj.58.com/mentougou/chuzu/
门头沟,军庄,-,https://bj.58.com/mentougou/chuzu/
门头沟,门头沟周边,-,https://bj.58.com/mentougou/chuzu/
延庆,延庆城区,-,https://bj.58.com/yanqing/chuzu/
延庆,大榆树,-,https://bj.58.com/yanqing/chuzu/
延庆,八达岭,-,https://bj.58.com/yanqing/chuzu/
延庆,康庄,-,https://bj.58.com/yanqing/chuzu/
延庆,延庆周边,-,https://bj.58.com/yanqing/chuzu/
平谷,金海湖,-,https://bj.58.com/pinggu/chuzu/
平谷,滨河路,-,https://bj.58.com/pinggu/chuzu/
平谷,平谷城区,-,https://bj.58.com/pinggu/chuzu/
平谷,兴谷,-,https://bj.58.com/pinggu/chuzu/
平谷,渔阳,-,https://bj.58.com/pinggu/chuzu/
平谷,王辛庄,-,https://bj.58.com/pinggu/chuzu/
平谷,平谷周边,-,https://bj.58.com/pinggu/chuzu/
北京周边,廊坊,-,https://bj.58.com/beijingzhoubian/chuzu/
北京周边,燕郊,-,https://bj.58.com/beijingzhoubian/chuzu/
